move_id,move_name,move_type,power,accuracy,pp,priority,damage_class,generation
1,pound,normal,40.0,100.0,35,0,physical,generation-i
10,scratch,normal,40.0,100.0,35,0,physical,generation-i
100,teleport,psychic,,,20,-6,status,generation-i
101,night-shade,ghost,,100.0,15,0,special,generation-i
102,mimic,normal,,,10,0,status,generation-i
103,screech,normal,,85.0,40,0,status,generation-i
104,double-team,normal,,,15,0,status,generation-i
105,recover,normal,,,5,0,status,generation-i
106,harden,normal,,,30,0,status,generation-i
107,minimize,normal,,,10,0,status,generation-i
108,smokescreen,normal,,100.0,20,0,status,generation-i
109,confuse-ray,ghost,,100.0,10,0,status,generation-i
11,vice-grip,normal,55.0,100.0,30,0,physical,generation-i
110,withdraw,water,,,40,0,status,generation-i
111,defense-curl,normal,,,40,0,status,generation-i
112,barrier,psychic,,,20,0,status,generation-i
113,light-screen,psychic,,,30,0,status,generation-i
114,haze,ice,,,30,0,status,generation-i
115,reflect,psychic,,,20,0,status,generation-i
116,focus-energy,normal,,,30,0,status,generation-i
117,bide,normal,,,10,1,physical,generation-i
118,metronome,normal,,,10,0,status,generation-i
119,mirror-move,flying,,,20,0,status,generation-i
12,guillotine,normal,,30.0,5,0,physical,generation-i
120,self-destruct,normal,200.0,100.0,5,0,physical,generation-i
121,egg-bomb,normal,100.0,75.0,10,0,physical,generation-i
122,lick,ghost,30.0,100.0,30,0,physical,generation-i
123,smog,poison,30.0,70.0,20,0,special,generation-i
124,sludge,poison,65.0,100.0,20,0,special,generation-i
125,bone-club,ground,65.0,85.0,20,0,physical,generation-i
126,fire-blast,fire,110.0,85.0,5,0,special,generation-i
127,waterfall,water,80.0,100.0,15,0,physical,generation-i
128,clamp,water,35.0,85.0,15,0,physical,generation-i
129,swift,normal,60.0,,20,0,special,generation-i
13,razor-wind,normal,80.0,100.0,10,0,special,generation-i
130,skull-bash,normal,130.0,100.0,10,0,physical,generation-i
131,spike-cannon,normal,20.0,100.0,15,0,physical,generation-i
132,constrict,normal,10.0,100.0,35,0,physical,generation-i
133,amnesia,psychic,,,20,0,status,generation-i
134,kinesis,psychic,,80.0,15,0,status,generation-i
135,soft-boiled,normal,,,5,0,status,generation-i
136,high-jump-kick,fighting,130.0,90.0,10,0,physical,generation-i
137,glare,normal,,100.0,30,0,status,generation-i
138,dream-eater,psychic,100.0,100.0,15,0,special,generation-i
139,poison-gas,poison,,90.0,40,0,status,generation-i
14,swords-dance,normal,,,20,0,status,generation-i
140,barrage,normal,15.0,85.0,20,0,physical,generation-i
141,leech-life,bug,80.0,100.0,10,0,physical,generation-i
142,lovely-kiss,normal,,75.0,10,0,status,generation-i
143,sky-attack,flying,140.0,90.0,5,0,physical,generation-i
144,transform,normal,,,10,0,status,generation-i
145,bubble,water,40.0,100.0,30,0,special,generation-i
146,dizzy-punch,normal,70.0,100.0,10,0,physical,generation-i
147,spore,grass,,100.0,15,0,status,generation-i
148,flash,normal,,100.0,20,0,status,generation-i
149,psywave,psychic,,100.0,15,0,special,generation-i
15,cut,normal,50.0,95.0,30,0,physical,generation-i
150,splash,normal,,,40,0,status,generation-i
151,acid-armor,poison,,,20,0,status,generation-i
152,crabhammer,water,100.0,90.0,10,0,physical,generation-i
153,explosion,normal,250.0,100.0,5,0,physical,generation-i
154,fury-swipes,normal,18.0,80.0,15,0,physical,generation-i
155,bonemerang,ground,50.0,90.0,10,0,physical,generation-i
156,rest,psychic,,,5,0,status,generation-i
157,rock-slide,rock,75.0,90.0,10,0,physical,generation-i
158,hyper-fang,normal,80.0,90.0,15,0,physical,generation-i
159,sharpen,normal,,,30,0,status,generation-i
16,gust,flying,40.0,100.0,35,0,special,generation-i
160,conversion,normal,,,30,0,status,generation-i
161,tri-attack,normal,80.0,100.0,10,0,special,generation-i
162,super-fang,normal,,90.0,10,0,physical,generation-i
163,slash,normal,70.0,100.0,20,0,physical,generation-i
164,substitute,normal,,,10,0,status,generation-i
166,sketch,normal,,,1,0,status,generation-ii
167,triple-kick,fighting,10.0,90.0,10,0,physical,generation-ii
168,thief,dark,60.0,100.0,25,0,physical,generation-ii
169,spider-web,bug,,,10,0,status,generation-ii
17,wing-attack,flying,60.0,100.0,35,0,physical,generation-i
170,mind-reader,normal,,,5,0,status,generation-ii
171,nightmare,ghost,,100.0,15,0,status,generation-ii
172,flame-wheel,fire,60.0,100.0,25,0,physical,generation-ii
173,snore,normal,50.0,100.0,15,0,special,generation-ii
174,curse,ghost,,,10,0,status,generation-ii
175,flail,normal,,100.0,15,0,physical,generation-ii
176,conversion-2,normal,,,30,0,status,generation-ii
177,aeroblast,flying,100.0,95.0,5,0,special,generation-ii
178,cotton-spore,grass,,100.0,40,0,status,generation-ii
179,reversal,fighting,,100.0,15,0,physical,generation-ii
18,whirlwind,normal,,,20,-6,status,generation-i
180,spite,ghost,,100.0,10,0,status,generation-ii
181,powder-snow,ice,40.0,100.0,25,0,special,generation-ii
182,protect,normal,,,10,4,status,generation-ii
183,mach-punch,fighting,40.0,100.0,30,1,physical,generation-ii
184,scary-face,normal,,100.0,10,0,status,generation-ii
185,feint-attack,dark,60.0,,20,0,physical,generation-ii
186,sweet-kiss,fairy,,75.0,10,0,status,generation-ii
187,belly-drum,normal,,,10,0,status,generation-ii
188,sludge-bomb,poison,90.0,100.0,10,0,special,generation-ii
189,mud-slap,ground,20.0,100.0,10,0,special,generation-ii
19,fly,flying,90.0,95.0,15,0,physical,generation-i
190,octazooka,water,65.0,85.0,10,0,special,generation-ii
191,spikes,ground,,,20,0,status,generation-ii
192,zap-cannon,electric,120.0,50.0,5,0,special,generation-ii
193,foresight,normal,,,40,0,status,generation-ii
194,destiny-bond,ghost,,,5,0,status,generation-ii
195,perish-song,normal,,,5,0,status,generation-ii
196,icy-wind,ice,55.0,95.0,15,0,special,generation-ii
197,detect,fighting,,,5,4,status,generation-ii
198,bone-rush,ground,25.0,90.0,10,0,physical,generation-ii
199,lock-on,normal,,,5,0,status,generation-ii
2,karate-chop,fighting,50.0,100.0,25,0,physical,generation-i
20,bind,normal,15.0,85.0,20,0,physical,generation-i
200,outrage,dragon,120.0,100.0,10,0,physical,generation-ii
201,sandstorm,rock,,,10,0,status,generation-ii
202,giga-drain,grass,75.0,100.0,10,0,special,generation-ii
203,endure,normal,,,10,4,status,generation-ii
204,charm,fairy,,100.0,20,0,status,generation-ii
205,rollout,rock,30.0,90.0,20,0,physical,generation-ii
206,false-swipe,normal,40.0,100.0,40,0,physical,generation-ii
207,swagger,normal,,85.0,15,0,status,generation-ii
208,milk-drink,normal,,,5,0,status,generation-ii
209,spark,electric,65.0,100.0,20,0,physical,generation-ii
21,slam,normal,80.0,75.0,20,0,physical,generation-i
210,fury-cutter,bug,40.0,95.0,20,0,physical,generation-ii
211,steel-wing,steel,70.0,90.0,25,0,physical,generation-ii
212,mean-look,normal,,,5,0,status,generation-ii
213,attract,normal,,100.0,15,0,status,generation-ii
214,sleep-talk,normal,,,10,0,status,generation-ii
215,heal-bell,normal,,,5,0,status,generation-ii
216,return,normal,,100.0,20,0,physical,generation-ii
217,present,normal,,90.0,15,0,physical,generation-ii
218,frustration,normal,,100.0,20,0,physical,generation-ii
219,safeguard,normal,,,25,0,status,generation-ii
22,vine-whip,grass,45.0,100.0,25,0,physical,generation-i
220,pain-split,normal,,,20,0,status,generation-ii
221,sacred-fire,fire,100.0,95.0,5,0,physical,generation-ii
222,magnitude,ground,,100.0,30,0,physical,generation-ii
223,dynamic-punch,fighting,100.0,50.0,5,0,physical,generation-ii
224,megahorn,bug,120.0,85.0,10,0,physical,generation-ii
225,dragon-breath,dragon,60.0,100.0,20,0,special,generation-ii
226,baton-pass,normal,,,40,0,status,generation-ii
227,encore,normal,,100.0,5,0,status,generation-ii
228,pursuit,dark,40.0,100.0,20,0,physical,generation-ii
229,rapid-spin,normal,50.0,100.0,40,0,physical,generation-ii
23,stomp,normal,65.0,100.0,20,0,physical,generation-i
230,sweet-scent,normal,,100.0,20,0,status,generation-ii
231,iron-tail,steel,100.0,75.0,15,0,physical,generation-ii
232,metal-claw,steel,50.0,95.0,35,0,physical,generation-ii
233,vital-throw,fighting,70.0,,10,-1,physical,generation-ii
234,morning-sun,normal,,,5,0,status,generation-ii
235,synthesis,grass,,,5,0,status,generation-ii
236,moonlight,fairy,,,5,0,status,generation-ii
237,hidden-power,normal,60.0,100.0,15,0,special,generation-ii
238,cross-chop,fighting,100.0,80.0,5,0,physical,generation-ii
239,twister,dragon,40.0,100.0,20,0,special,generation-ii
24,double-kick,fighting,30.0,100.0,30,0,physical,generation-i
240,rain-dance,water,,,5,0,status,generation-ii
241,sunny-day,fire,,,5,0,status,generation-ii
242,crunch,dark,80.0,100.0,15,0,physical,generation-ii
243,mirror-coat,psychic,,100.0,20,-5,special,generation-ii
244,psych-up,normal,,,10,0,status,generation-ii
245,extreme-speed,normal,80.0,100.0,5,2,physical,generation-ii
246,ancient-power,rock,60.0,100.0,5,0,special,generation-ii
247,shadow-ball,ghost,80.0,100.0,15,0,special,generation-ii
248,future-sight,psychic,120.0,100.0,10,0,special,generation-ii
249,rock-smash,fighting,40.0,100.0,15,0,physical,generation-ii
25,mega-kick,normal,120.0,75.0,5,0,physical,generation-i
250,whirlpool,water,35.0,85.0,15,0,special,generation-ii
251,beat-up,dark,,100.0,10,0,physical,generation-ii
252,fake-out,normal,40.0,100.0,10,3,physical,generation-iii
253,uproar,normal,90.0,100.0,10,0,special,generation-iii
254,stockpile,normal,,,20,0,status,generation-iii
255,spit-up,normal,,100.0,10,0,special,generation-iii
256,swallow,normal,,,10,0,status,generation-iii
257,heat-wave,fire,95.0,90.0,10,0,special,generation-iii
258,hail,ice,,,10,0,status,generation-iii
259,torment,dark,,100.0,15,0,status,generation-iii
26,jump-kick,fighting,100.0,95.0,10,0,physical,generation-i
260,flatter,dark,,100.0,15,0,status,generation-iii
261,will-o-wisp,fire,,85.0,15,0,status,generation-iii
262,memento,dark,,100.0,10,0,status,generation-iii
263,facade,normal,70.0,100.0,20,0,physical,generation-iii
264,focus-punch,fighting,150.0,100.0,20,-3,physical,generation-iii
265,smelling-salts,normal,70.0,100.0,10,0,physical,generation-iii
266,follow-me,normal,,,20,2,status,generation-iii
267,nature-power,normal,,,20,0,status,generation-iii
268,charge,electric,,,20,0,status,generation-iii
269,taunt,dark,,100.0,20,0,status,generation-iii
27,rolling-kick,fighting,60.0,85.0,15,0,physical,generation-i
270,helping-hand,normal,,,20,5,status,generation-iii
271,trick,psychic,,100.0,10,0,status,generation-iii
272,role-play,psychic,,,10,0,status,generation-iii
273,wish,normal,,,10,0,status,generation-iii
274,assist,normal,,,20,0,status,generation-iii
275,ingrain,grass,,,20,0,status,generation-iii
276,superpower,fighting,120.0,100.0,5,0,physical,generation-iii
277,magic-coat,psychic,,,15,4,status,generation-iii
278,recycle,normal,,,10,0,status,generation-iii
279,revenge,fighting,60.0,100.0,10,-4,physical,generation-iii
28,sand-attack,ground,,100.0,15,0,status,generation-i
280,brick-break,fighting,75.0,100.0,15,0,physical,generation-iii
281,yawn,normal,,,10,0,status,generation-iii
282,knock-off,dark,65.0,100.0,20,0,physical,generation-iii
283,endeavor,normal,,100.0,5,0,physical,generation-iii
284,eruption,fire,150.0,100.0,5,0,special,generation-iii
285,skill-swap,psychic,,,10,0,status,generation-iii
286,imprison,psychic,,,10,0,status,generation-iii
287,refresh,normal,,,20,0,status,generation-iii
288,grudge,ghost,,,5,0,status,generation-iii
289,snatch,dark,,,10,4,status,generation-iii
29,headbutt,normal,70.0,100.0,15,0,physical,generation-i
290,secret-power,normal,70.0,100.0,20,0,physical,generation-iii
291,dive,water,80.0,100.0,10,0,physical,generation-iii
292,arm-thrust,fighting,15.0,100.0,20,0,physical,generation-iii
293,camouflage,normal,,,20,0,status,generation-iii
294,tail-glow,bug,,,20,0,status,generation-iii
295,luster-purge,psychic,95.0,100.0,5,0,special,generation-iii
296,mist-ball,psychic,95.0,100.0,5,0,special,generation-iii
297,feather-dance,flying,,100.0,15,0,status,generation-iii
298,teeter-dance,normal,,100.0,20,0,status,generation-iii
299,blaze-kick,fire,85.0,90.0,10,0,physical,generation-iii
3,double-slap,normal,15.0,85.0,10,0,physical,generation-i
30,horn-attack,normal,65.0,100.0,25,0,physical,generation-i
300,mud-sport,ground,,,15,0,status,generation-iii
301,ice-ball,ice,30.0,90.0,20,0,physical,generation-iii
302,needle-arm,grass,60.0,100.0,15,0,physical,generation-iii
303,slack-off,normal,,,5,0,status,generation-iii
304,hyper-voice,normal,90.0,100.0,10,0,special,generation-iii
305,poison-fang,poison,50.0,100.0,15,0,physical,generation-iii
306,crush-claw,normal,75.0,95.0,10,0,physical,generation-iii
307,blast-burn,fire,150.0,90.0,5,0,special,generation-iii
308,hydro-cannon,water,150.0,90.0,5,0,special,generation-iii
309,meteor-mash,steel,90.0,90.0,10,0,physical,generation-iii
31,fury-attack,normal,15.0,85.0,20,0,physical,generation-i
310,astonish,ghost,30.0,100.0,15,0,physical,generation-iii
311,weather-ball,normal,50.0,100.0,10,0,special,generation-iii
312,aromatherapy,grass,,,5,0,status,generation-iii
313,fake-tears,dark,,100.0,20,0,status,generation-iii
314,air-cutter,flying,60.0,95.0,25,0,special,generation-iii
315,overheat,fire,130.0,90.0,5,0,special,generation-iii
316,odor-sleuth,normal,,,40,0,status,generation-iii
317,rock-tomb,rock,60.0,95.0,15,0,physical,generation-iii
318,silver-wind,bug,60.0,100.0,5,0,special,generation-iii
319,metal-sound,steel,,85.0,40,0,status,generation-iii
32,horn-drill,normal,,30.0,5,0,physical,generation-i
320,grass-whistle,grass,,55.0,15,0,status,generation-iii
321,tickle,normal,,100.0,20,0,status,generation-iii
322,cosmic-power,psychic,,,20,0,status,generation-iii
323,water-spout,water,150.0,100.0,5,0,special,generation-iii
324,signal-beam,bug,75.0,100.0,15,0,special,generation-iii
325,shadow-punch,ghost,60.0,,20,0,physical,generation-iii
326,extrasensory,psychic,80.0,100.0,20,0,special,generation-iii
327,sky-uppercut,fighting,85.0,90.0,15,0,physical,generation-iii
328,sand-tomb,ground,35.0,85.0,15,0,physical,generation-iii
329,sheer-cold,ice,,30.0,5,0,special,generation-iii
33,tackle,normal,40.0,100.0,35,0,physical,generation-i
330,muddy-water,water,90.0,85.0,10,0,special,generation-iii
331,bullet-seed,grass,25.0,100.0,30,0,physical,generation-iii
332,aerial-ace,flying,60.0,,20,0,physical,generation-iii
333,icicle-spear,ice,25.0,100.0,30,0,physical,generation-iii
334,iron-defense,steel,,,15,0,status,generation-iii
335,block,normal,,,5,0,status,generation-iii
336,howl,normal,,,40,0,status,generation-iii
337,dragon-claw,dragon,80.0,100.0,15,0,physical,generation-iii
338,frenzy-plant,grass,150.0,90.0,5,0,special,generation-iii
339,bulk-up,fighting,,,20,0,status,generation-iii
34,body-slam,normal,85.0,100.0,15,0,physical,generation-i
340,bounce,flying,85.0,85.0,5,0,physical,generation-iii
341,mud-shot,ground,55.0,95.0,15,0,special,generation-iii
342,poison-tail,poison,50.0,100.0,25,0,physical,generation-iii
343,covet,normal,60.0,100.0,25,0,physical,generation-iii
344,volt-tackle,electric,120.0,100.0,15,0,physical,generation-iii
345,magical-leaf,grass,60.0,,20,0,special,generation-iii
346,water-sport,water,,,15,0,status,generation-iii
347,calm-mind,psychic,,,20,0,status,generation-iii
348,leaf-blade,grass,90.0,100.0,15,0,physical,generation-iii
349,dragon-dance,dragon,,,20,0,status,generation-iii
35,wrap,normal,15.0,90.0,20,0,physical,generation-i
350,rock-blast,rock,25.0,90.0,10,0,physical,generation-iii
351,shock-wave,electric,60.0,,20,0,special,generation-iii
352,water-pulse,water,60.0,100.0,20,0,special,generation-iii
353,doom-desire,steel,140.0,100.0,5,0,special,generation-iii
354,psycho-boost,psychic,140.0,90.0,5,0,special,generation-iii
355,roost,flying,,,5,0,status,generation-iv
356,gravity,psychic,,,5,0,status,generation-iv
357,miracle-eye,psychic,,,40,0,status,generation-iv
358,wake-up-slap,fighting,70.0,100.0,10,0,physical,generation-iv
359,hammer-arm,fighting,100.0,90.0,10,0,physical,generation-iv
36,take-down,normal,90.0,85.0,20,0,physical,generation-i
360,gyro-ball,steel,,100.0,5,0,physical,generation-iv
361,healing-wish,psychic,,,10,0,status,generation-iv
362,brine,water,65.0,100.0,10,0,special,generation-iv
363,natural-gift,normal,,100.0,15,0,physical,generation-iv
364,feint,normal,30.0,100.0,10,2,physical,generation-iv
365,pluck,flying,60.0,100.0,20,0,physical,generation-iv
366,tailwind,flying,,,15,0,status,generation-iv
367,acupressure,normal,,,30,0,status,generation-iv
368,metal-burst,steel,,100.0,10,0,physical,generation-iv
369,u-turn,bug,70.0,100.0,20,0,physical,generation-iv
37,thrash,normal,120.0,100.0,10,0,physical,generation-i
370,close-combat,fighting,120.0,100.0,5,0,physical,generation-iv
371,payback,dark,50.0,100.0,10,0,physical,generation-iv
372,assurance,dark,60.0,100.0,10,0,physical,generation-iv
373,embargo,dark,,100.0,15,0,status,generation-iv
374,fling,dark,,100.0,10,0,physical,generation-iv
375,psycho-shift,psychic,,100.0,10,0,status,generation-iv
376,trump-card,normal,,,5,0,special,generation-iv
377,heal-block,psychic,,100.0,15,0,status,generation-iv
378,wring-out,normal,,100.0,5,0,special,generation-iv
379,power-trick,psychic,,,10,0,status,generation-iv
38,double-edge,normal,120.0,100.0,15,0,physical,generation-i
380,gastro-acid,poison,,100.0,10,0,status,generation-iv
381,lucky-chant,normal,,,30,0,status,generation-iv
382,me-first,normal,,,20,0,status,generation-iv
383,copycat,normal,,,20,0,status,generation-iv
384,power-swap,psychic,,,10,0,status,generation-iv
385,guard-swap,psychic,,,10,0,status,generation-iv
386,punishment,dark,,100.0,5,0,physical,generation-iv
387,last-resort,normal,140.0,100.0,5,0,physical,generation-iv
388,worry-seed,grass,,100.0,10,0,status,generation-iv
389,sucker-punch,dark,70.0,100.0,5,1,physical,generation-iv
39,tail-whip,normal,,100.0,30,0,status,generation-i
390,toxic-spikes,poison,,,20,0,status,generation-iv
391,heart-swap,psychic,,,10,0,status,generation-iv
392,aqua-ring,water,,,20,0,status,generation-iv
393,magnet-rise,electric,,,10,0,status,generation-iv
394,flare-blitz,fire,120.0,100.0,15,0,physical,generation-iv
395,force-palm,fighting,60.0,100.0,10,0,physical,generation-iv
396,aura-sphere,fighting,80.0,,20,0,special,generation-iv
397,rock-polish,rock,,,20,0,status,generation-iv
398,poison-jab,poison,80.0,100.0,20,0,physical,generation-iv
399,dark-pulse,dark,80.0,100.0,15,0,special,generation-iv
4,comet-punch,normal,18.0,85.0,15,0,physical,generation-i
40,poison-sting,poison,15.0,100.0,35,0,physical,generation-i
400,night-slash,dark,70.0,100.0,15,0,physical,generation-iv
401,aqua-tail,water,90.0,90.0,10,0,physical,generation-iv
402,seed-bomb,grass,80.0,100.0,15,0,physical,generation-iv
403,air-slash,flying,75.0,95.0,15,0,special,generation-iv
404,x-scissor,bug,80.0,100.0,15,0,physical,generation-iv
405,bug-buzz,bug,90.0,100.0,10,0,special,generation-iv
406,dragon-pulse,dragon,85.0,100.0,10,0,special,generation-iv
407,dragon-rush,dragon,100.0,75.0,10,0,physical,generation-iv
408,power-gem,rock,80.0,100.0,20,0,special,generation-iv
409,drain-punch,fighting,75.0,100.0,10,0,physical,generation-iv
41,twineedle,bug,25.0,100.0,20,0,physical,generation-i
410,vacuum-wave,fighting,40.0,100.0,30,1,special,generation-iv
411,focus-blast,fighting,120.0,70.0,5,0,special,generation-iv
412,energy-ball,grass,90.0,100.0,10,0,special,generation-iv
413,brave-bird,flying,120.0,100.0,15,0,physical,generation-iv
414,earth-power,ground,90.0,100.0,10,0,special,generation-iv
415,switcheroo,dark,,100.0,10,0,status,generation-iv
416,giga-impact,normal,150.0,90.0,5,0,physical,generation-iv
417,nasty-plot,dark,,,20,0,status,generation-iv
418,bullet-punch,steel,40.0,100.0,30,1,physical,generation-iv
419,avalanche,ice,60.0,100.0,10,-4,physical,generation-iv
42,pin-missile,bug,25.0,95.0,20,0,physical,generation-i
420,ice-shard,ice,40.0,100.0,30,1,physical,generation-iv
421,shadow-claw,ghost,70.0,100.0,15,0,physical,generation-iv
422,thunder-fang,electric,65.0,95.0,15,0,physical,generation-iv
423,ice-fang,ice,65.0,95.0,15,0,physical,generation-iv
424,fire-fang,fire,65.0,95.0,15,0,physical,generation-iv
425,shadow-sneak,ghost,40.0,100.0,30,1,physical,generation-iv
426,mud-bomb,ground,65.0,85.0,10,0,special,generation-iv
427,psycho-cut,psychic,70.0,100.0,20,0,physical,generation-iv
428,zen-headbutt,psychic,80.0,90.0,15,0,physical,generation-iv
429,mirror-shot,steel,65.0,85.0,10,0,special,generation-iv
43,leer,normal,,100.0,30,0,status,generation-i
430,flash-cannon,steel,80.0,100.0,10,0,special,generation-iv
431,rock-climb,normal,90.0,85.0,20,0,physical,generation-iv
432,defog,flying,,,15,0,status,generation-iv
433,trick-room,psychic,,,5,-7,status,generation-iv
434,draco-meteor,dragon,130.0,90.0,5,0,special,generation-iv
435,discharge,electric,80.0,100.0,15,0,special,generation-iv
436,lava-plume,fire,80.0,100.0,15,0,special,generation-iv
437,leaf-storm,grass,130.0,90.0,5,0,special,generation-iv
438,power-whip,grass,120.0,85.0,10,0,physical,generation-iv
439,rock-wrecker,rock,150.0,90.0,5,0,physical,generation-iv
44,bite,dark,60.0,100.0,25,0,physical,generation-i
440,cross-poison,poison,70.0,100.0,20,0,physical,generation-iv
441,gunk-shot,poison,120.0,80.0,5,0,physical,generation-iv
442,iron-head,steel,80.0,100.0,15,0,physical,generation-iv
443,magnet-bomb,steel,60.0,,20,0,physical,generation-iv
444,stone-edge,rock,100.0,80.0,5,0,physical,generation-iv
445,captivate,normal,,100.0,20,0,status,generation-iv
446,stealth-rock,rock,,,20,0,status,generation-iv
447,grass-knot,grass,,100.0,20,0,special,generation-iv
448,chatter,flying,65.0,100.0,20,0,special,generation-iv
449,judgment,normal,100.0,100.0,10,0,special,generation-iv
45,growl,normal,,100.0,40,0,status,generation-i
450,bug-bite,bug,60.0,100.0,20,0,physical,generation-iv
451,charge-beam,electric,50.0,90.0,10,0,special,generation-iv
452,wood-hammer,grass,120.0,100.0,15,0,physical,generation-iv
453,aqua-jet,water,40.0,100.0,20,1,physical,generation-iv
454,attack-order,bug,90.0,100.0,15,0,physical,generation-iv
455,defend-order,bug,,,10,0,status,generation-iv
456,heal-order,bug,,,10,0,status,generation-iv
457,head-smash,rock,150.0,80.0,5,0,physical,generation-iv
458,double-hit,normal,35.0,90.0,10,0,physical,generation-iv
459,roar-of-time,dragon,150.0,90.0,5,0,special,generation-iv
46,roar,normal,,,20,-6,status,generation-i
460,spacial-rend,dragon,100.0,95.0,5,0,special,generation-iv
461,lunar-dance,psychic,,,10,0,status,generation-iv
462,crush-grip,normal,,100.0,5,0,physical,generation-iv
463,magma-storm,fire,100.0,75.0,5,0,special,generation-iv
464,dark-void,dark,,50.0,10,0,status,generation-iv
465,seed-flare,grass,120.0,85.0,5,0,special,generation-iv
466,ominous-wind,ghost,60.0,100.0,5,0,special,generation-iv
467,shadow-force,ghost,120.0,100.0,5,0,physical,generation-iv
468,hone-claws,dark,,,15,0,status,generation-v
469,wide-guard,rock,,,10,3,status,generation-v
47,sing,normal,,55.0,15,0,status,generation-i
470,guard-split,psychic,,,10,0,status,generation-v
471,power-split,psychic,,,10,0,status,generation-v
472,wonder-room,psychic,,,10,0,status,generation-v
473,psyshock,psychic,80.0,100.0,10,0,special,generation-v
474,venoshock,poison,65.0,100.0,10,0,special,generation-v
475,autotomize,steel,,,15,0,status,generation-v
476,rage-powder,bug,,,20,2,status,generation-v
477,telekinesis,psychic,,,15,0,status,generation-v
478,magic-room,psychic,,,10,0,status,generation-v
479,smack-down,rock,50.0,100.0,15,0,physical,generation-v
48,supersonic,normal,,55.0,20,0,status,generation-i
480,storm-throw,fighting,60.0,100.0,10,0,physical,generation-v
481,flame-burst,fire,70.0,100.0,15,0,special,generation-v
482,sludge-wave,poison,95.0,100.0,10,0,special,generation-v
483,quiver-dance,bug,,,20,0,status,generation-v
484,heavy-slam,steel,,100.0,10,0,physical,generation-v
485,synchronoise,psychic,120.0,100.0,10,0,special,generation-v
486,electro-ball,electric,,100.0,10,0,special,generation-v
487,soak,water,,100.0,20,0,status,generation-v
488,flame-charge,fire,50.0,100.0,20,0,physical,generation-v
489,coil,poison,,,20,0,status,generation-v
49,sonic-boom,normal,,90.0,20,0,special,generation-i
490,low-sweep,fighting,65.0,100.0,20,0,physical,generation-v
491,acid-spray,poison,40.0,100.0,20,0,special,generation-v
492,foul-play,dark,95.0,100.0,15,0,physical,generation-v
493,simple-beam,normal,,100.0,15,0,status,generation-v
494,entrainment,normal,,100.0,15,0,status,generation-v
495,after-you,normal,,,15,0,status,generation-v
496,round,normal,60.0,100.0,15,0,special,generation-v
497,echoed-voice,normal,40.0,100.0,15,0,special,generation-v
498,chip-away,normal,70.0,100.0,20,0,physical,generation-v
499,clear-smog,poison,50.0,,15,0,special,generation-v
5,mega-punch,normal,80.0,85.0,20,0,physical,generation-i
50,disable,normal,,100.0,20,0,status,generation-i
500,stored-power,psychic,20.0,100.0,10,0,special,generation-v
501,quick-guard,fighting,,,15,3,status,generation-v
502,ally-switch,psychic,,,15,2,status,generation-v
503,scald,water,80.0,100.0,15,0,special,generation-v
504,shell-smash,normal,,,15,0,status,generation-v
505,heal-pulse,psychic,,,10,0,status,generation-v
506,hex,ghost,65.0,100.0,10,0,special,generation-v
507,sky-drop,flying,60.0,100.0,10,0,physical,generation-v
508,shift-gear,steel,,,10,0,status,generation-v
509,circle-throw,fighting,60.0,90.0,10,-6,physical,generation-v
51,acid,poison,40.0,100.0,30,0,special,generation-i
510,incinerate,fire,60.0,100.0,15,0,special,generation-v
511,quash,dark,,100.0,15,0,status,generation-v
512,acrobatics,flying,55.0,100.0,15,0,physical,generation-v
513,reflect-type,normal,,,15,0,status,generation-v
514,retaliate,normal,70.0,100.0,5,0,physical,generation-v
515,final-gambit,fighting,,100.0,5,0,special,generation-v
516,bestow,normal,,,15,0,status,generation-v
517,inferno,fire,100.0,50.0,5,0,special,generation-v
518,water-pledge,water,80.0,100.0,10,0,special,generation-v
519,fire-pledge,fire,80.0,100.0,10,0,special,generation-v
52,ember,fire,40.0,100.0,25,0,special,generation-i
520,grass-pledge,grass,80.0,100.0,10,0,special,generation-v
521,volt-switch,electric,70.0,100.0,20,0,special,generation-v
522,struggle-bug,bug,50.0,100.0,20,0,special,generation-v
523,bulldoze,ground,60.0,100.0,20,0,physical,generation-v
524,frost-breath,ice,60.0,90.0,10,0,special,generation-v
525,dragon-tail,dragon,60.0,90.0,10,-6,physical,generation-v
526,work-up,normal,,,30,0,status,generation-v
527,electroweb,electric,55.0,95.0,15,0,special,generation-v
528,wild-charge,electric,90.0,100.0,15,0,physical,generation-v
529,drill-run,ground,80.0,95.0,10,0,physical,generation-v
53,flamethrower,fire,90.0,100.0,15,0,special,generation-i
530,dual-chop,dragon,40.0,90.0,15,0,physical,generation-v
531,heart-stamp,psychic,60.0,100.0,25,0,physical,generation-v
532,horn-leech,grass,75.0,100.0,10,0,physical,generation-v
533,sacred-sword,fighting,90.0,100.0,15,0,physical,generation-v
534,razor-shell,water,75.0,95.0,10,0,physical,generation-v
535,heat-crash,fire,,100.0,10,0,physical,generation-v
536,leaf-tornado,grass,65.0,90.0,10,0,special,generation-v
537,steamroller,bug,65.0,100.0,20,0,physical,generation-v
538,cotton-guard,grass,,,10,0,status,generation-v
539,night-daze,dark,85.0,95.0,10,0,special,generation-v
54,mist,ice,,,30,0,status,generation-i
540,psystrike,psychic,100.0,100.0,10,0,special,generation-v
541,tail-slap,normal,25.0,85.0,10,0,physical,generation-v
542,hurricane,flying,110.0,70.0,10,0,special,generation-v
543,head-charge,normal,120.0,100.0,15,0,physical,generation-v
544,gear-grind,steel,50.0,85.0,15,0,physical,generation-v
545,searing-shot,fire,100.0,100.0,5,0,special,generation-v
546,techno-blast,normal,120.0,100.0,5,0,special,generation-v
547,relic-song,normal,75.0,100.0,10,0,special,generation-v
548,secret-sword,fighting,85.0,100.0,10,0,special,generation-v
549,glaciate,ice,65.0,95.0,10,0,special,generation-v
55,water-gun,water,40.0,100.0,25,0,special,generation-i
550,bolt-strike,electric,130.0,85.0,5,0,physical,generation-v
551,blue-flare,fire,130.0,85.0,5,0,special,generation-v
552,fiery-dance,fire,80.0,100.0,10,0,special,generation-v
553,freeze-shock,ice,140.0,90.0,5,0,physical,generation-v
554,ice-burn,ice,140.0,90.0,5,0,special,generation-v
555,snarl,dark,55.0,95.0,15,0,special,generation-v
556,icicle-crash,ice,85.0,90.0,10,0,physical,generation-v
557,v-create,fire,180.0,95.0,5,0,physical,generation-v
558,fusion-flare,fire,100.0,100.0,5,0,special,generation-v
559,fusion-bolt,electric,100.0,100.0,5,0,physical,generation-v
56,hydro-pump,water,110.0,80.0,5,0,special,generation-i
560,flying-press,fighting,100.0,95.0,10,0,physical,generation-vi
561,mat-block,fighting,,,10,0,status,generation-vi
562,belch,poison,120.0,90.0,10,0,special,generation-vi
563,rototiller,ground,,,10,0,status,generation-vi
564,sticky-web,bug,,,20,0,status,generation-vi
565,fell-stinger,bug,50.0,100.0,25,0,physical,generation-vi
566,phantom-force,ghost,90.0,100.0,10,0,physical,generation-vi
567,trick-or-treat,ghost,,100.0,20,0,status,generation-vi
568,noble-roar,normal,,100.0,30,0,status,generation-vi
569,ion-deluge,electric,,,25,1,status,generation-vi
57,surf,water,90.0,100.0,15,0,special,generation-i
570,parabolic-charge,electric,65.0,100.0,20,0,special,generation-vi
571,forests-curse,grass,,100.0,20,0,status,generation-vi
572,petal-blizzard,grass,90.0,100.0,15,0,physical,generation-vi
573,freeze-dry,ice,70.0,100.0,20,0,special,generation-vi
574,disarming-voice,fairy,40.0,,15,0,special,generation-vi
575,parting-shot,dark,,100.0,20,0,status,generation-vi
576,topsy-turvy,dark,,,20,0,status,generation-vi
577,draining-kiss,fairy,50.0,100.0,10,0,special,generation-vi
578,crafty-shield,fairy,,,10,3,status,generation-vi
579,flower-shield,fairy,,,10,0,status,generation-vi
58,ice-beam,ice,90.0,100.0,10,0,special,generation-i
580,grassy-terrain,grass,,,10,0,status,generation-vi
581,misty-terrain,fairy,,,10,0,status,generation-vi
582,electrify,electric,,,20,0,status,generation-vi
583,play-rough,fairy,90.0,90.0,10,0,physical,generation-vi
584,fairy-wind,fairy,40.0,100.0,30,0,special,generation-vi
585,moonblast,fairy,95.0,100.0,15,0,special,generation-vi
586,boomburst,normal,140.0,100.0,10,0,special,generation-vi
587,fairy-lock,fairy,,,10,0,status,generation-vi
588,kings-shield,steel,,,10,4,status,generation-vi
589,play-nice,normal,,,20,0,status,generation-vi
59,blizzard,ice,110.0,70.0,5,0,special,generation-i
590,confide,normal,,,20,0,status,generation-vi
591,diamond-storm,rock,100.0,95.0,5,0,physical,generation-vi
592,steam-eruption,water,110.0,95.0,5,0,special,generation-vi
593,hyperspace-hole,psychic,80.0,,5,0,special,generation-vi
594,water-shuriken,water,15.0,100.0,20,1,special,generation-vi
595,mystical-fire,fire,75.0,100.0,10,0,special,generation-vi
596,spiky-shield,grass,,,10,4,status,generation-vi
597,aromatic-mist,fairy,,,20,0,status,generation-vi
598,eerie-impulse,electric,,100.0,15,0,status,generation-vi
599,venom-drench,poison,,100.0,20,0,status,generation-vi
6,pay-day,normal,40.0,100.0,20,0,physical,generation-i
60,psybeam,psychic,65.0,100.0,20,0,special,generation-i
600,powder,bug,,100.0,20,1,status,generation-vi
601,geomancy,fairy,,,10,0,status,generation-vi
602,magnetic-flux,electric,,,20,0,status,generation-vi
604,electric-terrain,electric,,,10,0,status,generation-vi
605,dazzling-gleam,fairy,80.0,100.0,10,0,special,generation-vi
608,baby-doll-eyes,fairy,,100.0,30,1,status,generation-vi
609,nuzzle,electric,20.0,100.0,20,0,physical,generation-vi
61,bubble-beam,water,65.0,100.0,20,0,special,generation-i
611,infestation,bug,20.0,100.0,20,0,special,generation-vi
612,power-up-punch,fighting,40.0,100.0,20,0,physical,generation-vi
613,oblivion-wing,flying,80.0,100.0,10,0,special,generation-vi
614,thousand-arrows,ground,90.0,100.0,10,0,physical,generation-vi
615,thousand-waves,ground,90.0,100.0,10,0,physical,generation-vi
616,lands-wrath,ground,90.0,100.0,10,0,physical,generation-vi
617,light-of-ruin,fairy,140.0,90.0,5,0,special,generation-vi
618,origin-pulse,water,110.0,85.0,10,0,special,generation-vi
619,precipice-blades,ground,120.0,85.0,10,0,physical,generation-vi
62,aurora-beam,ice,65.0,100.0,20,0,special,generation-i
620,dragon-ascent,flying,120.0,100.0,5,0,physical,generation-vi
621,hyperspace-fury,dark,100.0,,5,0,physical,generation-vi
63,hyper-beam,normal,150.0,90.0,5,0,special,generation-i
64,peck,flying,35.0,100.0,35,0,physical,generation-i
65,drill-peck,flying,80.0,100.0,20,0,physical,generation-i
659,shore-up,ground,,,5,0,status,generation-vii
66,submission,fighting,80.0,80.0,20,0,physical,generation-i
660,first-impression,bug,90.0,100.0,10,2,physical,generation-vii
661,baneful-bunker,poison,,,10,4,status,generation-vii
662,spirit-shackle,ghost,80.0,100.0,10,0,physical,generation-vii
663,darkest-lariat,dark,85.0,100.0,10,0,physical,generation-vii
664,sparkling-aria,water,90.0,100.0,10,0,special,generation-vii
665,ice-hammer,ice,100.0,90.0,10,0,physical,generation-vii
666,floral-healing,fairy,,,10,0,status,generation-vii
667,high-horsepower,ground,95.0,95.0,10,0,physical,generation-vii
668,strength-sap,grass,,100.0,10,0,status,generation-vii
669,solar-blade,grass,125.0,100.0,10,0,physical,generation-vii
67,low-kick,fighting,,100.0,20,0,physical,generation-i
670,leafage,grass,40.0,100.0,40,0,physical,generation-vii
671,spotlight,normal,,,15,3,status,generation-vii
672,toxic-thread,poison,,100.0,20,0,status,generation-vii
673,laser-focus,normal,,,30,0,status,generation-vii
674,gear-up,steel,,,20,0,status,generation-vii
675,throat-chop,dark,80.0,100.0,15,0,physical,generation-vii
676,pollen-puff,bug,90.0,100.0,15,0,special,generation-vii
677,anchor-shot,steel,80.0,100.0,20,0,physical,generation-vii
678,psychic-terrain,psychic,,,10,0,status,generation-vii
679,lunge,bug,80.0,100.0,15,0,physical,generation-vii
68,counter,fighting,,100.0,20,-5,physical,generation-i
680,fire-lash,fire,80.0,100.0,15,0,physical,generation-vii
681,power-trip,dark,20.0,100.0,10,0,physical,generation-vii
682,burn-up,fire,130.0,100.0,5,0,special,generation-vii
683,speed-swap,psychic,,,10,0,status,generation-vii
684,smart-strike,steel,70.0,,10,0,physical,generation-vii
685,purify,poison,,,20,0,status,generation-vii
686,revelation-dance,normal,90.0,100.0,15,0,special,generation-vii
687,core-enforcer,dragon,100.0,100.0,10,0,special,generation-vii
688,trop-kick,grass,70.0,100.0,15,0,physical,generation-vii
689,instruct,psychic,,,15,0,status,generation-vii
69,seismic-toss,fighting,,100.0,20,0,physical,generation-i
690,beak-blast,flying,100.0,100.0,15,-3,physical,generation-vii
691,clanging-scales,dragon,110.0,100.0,5,0,special,generation-vii
692,dragon-hammer,dragon,90.0,100.0,15,0,physical,generation-vii
693,brutal-swing,dark,60.0,100.0,20,0,physical,generation-vii
694,aurora-veil,ice,,,20,0,status,generation-vii
7,fire-punch,fire,75.0,100.0,15,0,physical,generation-i
70,strength,normal,80.0,100.0,15,0,physical,generation-i
704,shell-trap,fire,150.0,100.0,5,-3,special,generation-vii
705,fleur-cannon,fairy,130.0,90.0,5,0,special,generation-vii
706,psychic-fangs,psychic,85.0,100.0,10,0,physical,generation-vii
707,stomping-tantrum,ground,75.0,100.0,10,0,physical,generation-vii
708,shadow-bone,ghost,85.0,100.0,10,0,physical,generation-vii
709,accelerock,rock,40.0,100.0,20,1,physical,generation-vii
71,absorb,grass,20.0,100.0,25,0,special,generation-i
710,liquidation,water,85.0,100.0,10,0,physical,generation-vii
711,prismatic-laser,psychic,160.0,100.0,10,0,special,generation-vii
712,spectral-thief,ghost,90.0,100.0,10,0,physical,generation-vii
713,sunsteel-strike,steel,100.0,100.0,5,0,physical,generation-vii
714,moongeist-beam,ghost,100.0,100.0,5,0,special,generation-vii
715,tearful-look,normal,,,20,0,status,generation-vii
716,zing-zap,electric,80.0,100.0,10,0,physical,generation-vii
717,natures-madness,fairy,,90.0,10,0,special,generation-vii
718,multi-attack,normal,120.0,100.0,10,0,physical,generation-vii
72,mega-drain,grass,40.0,100.0,15,0,special,generation-i
720,mind-blown,fire,150.0,100.0,5,0,special,generation-vii
721,plasma-fists,electric,100.0,100.0,15,0,physical,generation-vii
722,photon-geyser,psychic,100.0,100.0,5,0,special,generation-vii
729,zippy-zap,electric,80.0,100.0,10,2,physical,generation-vii
73,leech-seed,grass,,90.0,10,0,status,generation-i
730,splishy-splash,water,90.0,100.0,15,0,special,generation-vii
731,floaty-fall,flying,90.0,95.0,15,0,physical,generation-vii
733,bouncy-bubble,water,60.0,100.0,20,0,special,generation-vii
734,buzzy-buzz,electric,60.0,100.0,20,0,special,generation-vii
735,sizzly-slide,fire,60.0,100.0,20,0,physical,generation-vii
736,glitzy-glow,psychic,80.0,95.0,15,0,special,generation-vii
737,baddy-bad,dark,80.0,95.0,15,0,special,generation-vii
738,sappy-seed,grass,100.0,90.0,10,0,physical,generation-vii
739,freezy-frost,ice,100.0,90.0,10,0,special,generation-vii
74,growth,normal,,,20,0,status,generation-i
740,sparkly-swirl,fairy,120.0,85.0,5,0,special,generation-vii
742,double-iron-bash,steel,60.0,100.0,5,0,physical,generation-vii
744,dynamax-cannon,dragon,100.0,100.0,5,0,special,generation-viii
745,snipe-shot,water,80.0,100.0,15,0,special,generation-viii
746,jaw-lock,dark,80.0,100.0,10,0,physical,generation-viii
747,stuff-cheeks,normal,,,10,0,status,generation-viii
748,no-retreat,fighting,,,5,0,status,generation-viii
749,tar-shot,rock,,100.0,15,0,status,generation-viii
75,razor-leaf,grass,55.0,95.0,25,0,physical,generation-i
750,magic-powder,psychic,,100.0,20,0,status,generation-viii
751,dragon-darts,dragon,50.0,100.0,10,0,physical,generation-viii
752,teatime,normal,,,10,0,status,generation-viii
753,octolock,fighting,,100.0,15,0,status,generation-viii
754,bolt-beak,electric,85.0,100.0,10,0,physical,generation-viii
755,fishious-rend,water,85.0,100.0,10,0,physical,generation-viii
756,court-change,normal,,100.0,10,0,status,generation-viii
76,solar-beam,grass,120.0,100.0,10,0,special,generation-i
77,poison-powder,poison,,75.0,35,0,status,generation-i
775,clangorous-soul,dragon,,100.0,5,0,status,generation-viii
776,body-press,fighting,80.0,100.0,10,0,physical,generation-viii
777,decorate,fairy,,,15,0,status,generation-viii
778,drum-beating,grass,80.0,100.0,10,0,physical,generation-viii
779,snap-trap,grass,35.0,100.0,15,0,physical,generation-viii
78,stun-spore,grass,,75.0,30,0,status,generation-i
780,pyro-ball,fire,120.0,90.0,5,0,physical,generation-viii
783,aura-wheel,electric,110.0,100.0,10,0,physical,generation-viii
784,breaking-swipe,dragon,60.0,100.0,15,0,physical,generation-viii
785,branch-poke,grass,40.0,100.0,40,0,physical,generation-viii
786,overdrive,electric,80.0,100.0,10,0,special,generation-viii
787,apple-acid,grass,80.0,100.0,10,0,special,generation-viii
788,grav-apple,grass,80.0,100.0,10,0,physical,generation-viii
789,spirit-break,fairy,75.0,100.0,15,0,physical,generation-viii
79,sleep-powder,grass,,75.0,15,0,status,generation-i
790,strange-steam,fairy,90.0,95.0,10,0,special,generation-viii
791,life-dew,water,,,10,0,status,generation-viii
792,obstruct,dark,,100.0,10,4,status,generation-viii
793,false-surrender,dark,80.0,,10,0,physical,generation-viii
794,meteor-assault,fighting,150.0,100.0,5,0,physical,generation-viii
795,eternabeam,dragon,160.0,90.0,5,0,special,generation-viii
796,steel-beam,steel,140.0,95.0,5,0,special,generation-viii
797,expanding-force,psychic,80.0,100.0,10,0,special,generation-viii
798,steel-roller,steel,130.0,100.0,5,0,physical,generation-viii
799,scale-shot,dragon,25.0,90.0,20,0,physical,generation-viii
8,ice-punch,ice,75.0,100.0,15,0,physical,generation-i
80,petal-dance,grass,120.0,100.0,10,0,special,generation-i
800,meteor-beam,rock,120.0,90.0,10,0,special,generation-viii
801,shell-side-arm,poison,90.0,100.0,10,0,special,generation-viii
802,misty-explosion,fairy,100.0,100.0,5,0,special,generation-viii
803,grassy-glide,grass,55.0,100.0,20,0,physical,generation-viii
804,rising-voltage,electric,70.0,100.0,20,0,special,generation-viii
805,terrain-pulse,normal,50.0,100.0,10,0,special,generation-viii
806,skitter-smack,bug,70.0,90.0,10,0,physical,generation-viii
807,burning-jealousy,fire,70.0,100.0,5,0,special,generation-viii
808,lash-out,dark,75.0,100.0,5,0,physical,generation-viii
809,poltergeist,ghost,110.0,90.0,5,0,physical,generation-viii
81,string-shot,bug,,95.0,40,0,status,generation-i
810,corrosive-gas,poison,,100.0,40,0,status,generation-viii
811,coaching,fighting,,,10,0,status,generation-viii
812,flip-turn,water,60.0,100.0,20,0,physical,generation-viii
813,triple-axel,ice,20.0,90.0,10,0,physical,generation-viii
814,dual-wingbeat,flying,40.0,90.0,10,0,physical,generation-viii
815,scorching-sands,ground,70.0,100.0,10,0,special,generation-viii
816,jungle-healing,grass,,,10,0,status,generation-viii
817,wicked-blow,dark,75.0,100.0,5,0,physical,generation-viii
818,surging-strikes,water,25.0,100.0,5,0,physical,generation-viii
819,thunder-cage,electric,80.0,90.0,15,0,special,generation-viii
82,dragon-rage,dragon,,100.0,10,0,special,generation-i
820,dragon-energy,dragon,150.0,100.0,5,0,special,generation-viii
821,freezing-glare,psychic,90.0,100.0,10,0,special,generation-viii
822,fiery-wrath,dark,90.0,100.0,10,0,special,generation-viii
823,thunderous-kick,fighting,90.0,100.0,10,0,physical,generation-viii
824,glacial-lance,ice,120.0,100.0,5,0,physical,generation-viii
825,astral-barrage,ghost,120.0,100.0,5,0,special,generation-viii
826,eerie-spell,psychic,80.0,100.0,5,0,special,generation-viii
827,dire-claw,poison,80.0,100.0,15,0,physical,generation-viii
828,psyshield-bash,psychic,70.0,90.0,10,0,physical,generation-viii
829,power-shift,normal,0.0,,10,0,status,generation-viii
83,fire-spin,fire,35.0,85.0,15,0,special,generation-i
830,stone-axe,rock,65.0,90.0,15,0,physical,generation-viii
831,springtide-storm,fairy,100.0,80.0,5,0,special,generation-viii
832,mystical-power,psychic,70.0,90.0,10,0,special,generation-viii
833,raging-fury,fire,120.0,100.0,10,0,physical,generation-viii
834,wave-crash,water,120.0,100.0,10,0,physical,generation-viii
835,chloroblast,grass,150.0,95.0,5,0,special,generation-viii
836,mountain-gale,ice,100.0,85.0,10,0,physical,generation-viii
837,victory-dance,fighting,0.0,,10,0,status,generation-viii
838,headlong-rush,ground,120.0,100.0,5,0,physical,generation-viii
839,barb-barrage,poison,60.0,100.0,10,0,physical,generation-viii
84,thunder-shock,electric,40.0,100.0,30,0,special,generation-i
840,esper-wing,psychic,80.0,100.0,10,0,special,generation-viii
841,bitter-malice,ghost,75.0,100.0,10,0,special,generation-viii
842,shelter,steel,0.0,,10,0,status,generation-viii
843,triple-arrows,fighting,90.0,100.0,10,0,physical,generation-viii
844,infernal-parade,ghost,60.0,100.0,15,0,special,generation-viii
845,ceaseless-edge,dark,65.0,90.0,15,0,physical,generation-viii
846,bleakwind-storm,flying,100.0,80.0,10,0,special,generation-viii
847,wildbolt-storm,electric,100.0,80.0,10,0,special,generation-viii
848,sandsear-storm,ground,100.0,80.0,10,0,special,generation-viii
849,lunar-blessing,psychic,0.0,,5,0,status,generation-viii
85,thunderbolt,electric,90.0,100.0,15,0,special,generation-i
850,take-heart,psychic,0.0,,10,0,status,generation-viii
851,tera-blast,normal,80.0,100.0,10,0,special,generation-ix
852,silk-trap,bug,0.0,,10,4,status,generation-ix
853,axe-kick,fighting,120.0,90.0,10,0,physical,generation-ix
854,last-respects,ghost,50.0,100.0,10,0,physical,generation-ix
855,lumina-crash,psychic,80.0,100.0,10,0,special,generation-ix
856,order-up,dragon,80.0,100.0,10,0,physical,generation-ix
857,jet-punch,water,60.0,100.0,15,1,physical,generation-ix
858,spicy-extract,grass,0.0,,15,0,status,generation-ix
859,spin-out,steel,100.0,100.0,5,0,physical,generation-ix
86,thunder-wave,electric,,90.0,20,0,status,generation-i
860,population-bomb,normal,20.0,90.0,10,0,physical,generation-ix
861,ice-spinner,ice,80.0,100.0,15,0,physical,generation-ix
862,glaive-rush,dragon,120.0,100.0,5,0,physical,generation-ix
863,revival-blessing,normal,0.0,,1,0,status,generation-ix
864,salt-cure,rock,40.0,100.0,15,0,physical,generation-ix
865,triple-dive,water,30.0,95.0,10,0,physical,generation-ix
866,mortal-spin,poison,30.0,100.0,15,0,physical,generation-ix
867,doodle,normal,0.0,100.0,10,0,status,generation-ix
868,fillet-away,normal,0.0,,10,0,status,generation-ix
869,kowtow-cleave,dark,85.0,,10,0,physical,generation-ix
87,thunder,electric,110.0,70.0,10,0,special,generation-i
870,flower-trick,grass,70.0,,10,0,physical,generation-ix
871,torch-song,fire,80.0,100.0,10,0,special,generation-ix
872,aqua-step,water,80.0,100.0,10,0,physical,generation-ix
873,raging-bull,normal,90.0,100.0,10,0,physical,generation-ix
874,make-it-rain,steel,120.0,100.0,5,0,special,generation-ix
875,psyblade,psychic,80.0,100.0,15,0,physical,generation-ix
876,hydro-steam,water,80.0,100.0,15,0,special,generation-ix
877,ruination,dark,1.0,90.0,10,0,special,generation-ix
878,collision-course,fighting,100.0,100.0,5,0,physical,generation-ix
879,electro-drift,electric,100.0,100.0,5,0,special,generation-ix
88,rock-throw,rock,50.0,90.0,15,0,physical,generation-i
880,shed-tail,normal,0.0,,10,0,status,generation-ix
881,chilly-reception,ice,0.0,,10,0,status,generation-ix
882,tidy-up,normal,0.0,,10,0,status,generation-ix
883,snowscape,ice,0.0,,10,0,status,generation-ix
884,pounce,bug,50.0,100.0,20,0,physical,generation-ix
885,trailblaze,grass,50.0,100.0,20,0,physical,generation-ix
886,chilling-water,water,50.0,100.0,20,0,special,generation-ix
887,hyper-drill,normal,100.0,100.0,5,0,physical,generation-ix
888,twin-beam,psychic,40.0,100.0,10,0,special,generation-ix
889,rage-fist,ghost,50.0,100.0,10,0,physical,generation-ix
89,earthquake,ground,100.0,100.0,10,0,physical,generation-i
890,armor-cannon,fire,120.0,100.0,5,0,special,generation-ix
891,bitter-blade,fire,90.0,100.0,10,0,physical,generation-ix
892,double-shock,electric,120.0,100.0,5,0,physical,generation-ix
893,gigaton-hammer,steel,160.0,100.0,5,0,physical,generation-ix
894,comeuppance,dark,1.0,100.0,10,0,physical,generation-ix
895,aqua-cutter,water,70.0,100.0,20,0,physical,generation-ix
9,thunder-punch,electric,75.0,100.0,15,0,physical,generation-i
90,fissure,ground,,30.0,5,0,physical,generation-i
901,blood-moon,normal,140.0,100.0,5,0,special,generation-ix
902,matcha-gotcha,grass,80.0,90.0,15,0,special,generation-ix
903,syrup-bomb,grass,60.0,85.0,10,0,special,generation-ix
904,ivy-cudgel,grass,100.0,100.0,10,0,physical,generation-ix
905,electro-shot,electric,130.0,100.0,10,0,special,generation-ix
906,tera-starstorm,normal,120.0,100.0,5,0,special,generation-ix
907,fickle-beam,dragon,80.0,100.0,5,0,special,generation-ix
908,burning-bulwark,fire,0.0,0.0,10,4,status,generation-ix
909,thunderclap,electric,70.0,100.0,5,1,special,generation-ix
91,dig,ground,80.0,100.0,10,0,physical,generation-i
910,mighty-cleave,rock,95.0,100.0,5,0,physical,generation-ix
911,tachyon-cutter,steel,50.0,0.0,10,0,special,generation-ix
912,hard-press,steel,0.0,100.0,10,0,physical,generation-ix
913,dragon-cheer,dragon,0.0,0.0,15,0,status,generation-ix
914,alluring-voice,fairy,80.0,100.0,10,0,special,generation-ix
915,temper-flare,fire,75.0,100.0,10,0,physical,generation-ix
916,supercell-slam,electric,100.0,95.0,15,0,physical,generation-ix
917,psychic-noise,psychic,75.0,100.0,10,0,special,generation-ix
918,upper-hand,fighting,65.0,100.0,15,3,physical,generation-ix
919,malignant-chain,poison,100.0,100.0,5,0,special,generation-ix
92,toxic,poison,,90.0,10,0,status,generation-i
93,confusion,psychic,50.0,100.0,25,0,special,generation-i
94,psychic,psychic,90.0,100.0,10,0,special,generation-i
95,hypnosis,psychic,,60.0,20,0,status,generation-i
96,meditate,psychic,,,40,0,status,generation-i
97,agility,psychic,,,30,0,status,generation-i
98,quick-attack,normal,40.0,100.0,30,1,physical,generation-i
99,rage,normal,20.0,100.0,20,0,physical,generation-i
