pokemon_id,pokemon_name,height_m,weight_kg,base_experience,hp,attack,defense,special_attack,special_defense,speed
1,bulbasaur,0.7,6.9,64.0,45,49,49,65,65,45
2,ivysaur,1.0,13.0,142.0,60,62,63,80,80,60
3,venusaur,2.0,100.0,236.0,80,82,83,100,100,80
4,charmander,0.6,8.5,62.0,39,52,43,60,50,65
5,charmeleon,1.1,19.0,142.0,58,64,58,80,65,80
6,charizard,1.7,90.5,240.0,78,84,78,109,85,100
7,squirtle,0.5,9.0,63.0,44,48,65,50,64,43
8,wartortle,1.0,22.5,142.0,59,63,80,65,80,58
9,blastoise,1.6,85.5,239.0,79,83,100,85,105,78
10,caterpie,0.3,2.9,39.0,45,30,35,20,20,45
11,metapod,0.7,9.9,72.0,50,20,55,25,25,30
12,butterfree,1.1,32.0,178.0,60,45,50,90,80,70
13,weedle,0.3,3.2,39.0,40,35,30,20,20,50
14,kakuna,0.6,10.0,72.0,45,25,50,25,25,35
15,beedrill,1.0,29.5,178.0,65,90,40,45,80,75
16,pidgey,0.3,1.8,50.0,40,45,40,35,35,56
17,pidgeotto,1.1,30.0,122.0,63,60,55,50,50,71
18,pidgeot,1.5,39.5,216.0,83,80,75,70,70,101
19,rattata,0.3,3.5,51.0,30,56,35,25,35,72
20,raticate,0.7,18.5,145.0,55,81,60,50,70,97
21,spearow,0.3,2.0,52.0,40,60,30,31,31,70
22,fearow,1.2,38.0,155.0,65,90,65,61,61,100
23,ekans,2.0,6.9,58.0,35,60,44,40,54,55
24,arbok,3.5,65.0,157.0,60,95,69,65,79,80
25,pikachu,0.4,6.0,112.0,35,55,40,50,50,90
26,raichu,0.8,30.0,218.0,60,90,55,90,80,110
27,sandshrew,0.6,12.0,60.0,50,75,85,20,30,40
28,sandslash,1.0,29.5,158.0,75,100,110,45,55,65
29,nidoran-f,0.4,7.0,55.0,55,47,52,40,40,41
30,nidorina,0.8,20.0,128.0,70,62,67,55,55,56
31,nidoqueen,1.3,60.0,227.0,90,92,87,75,85,76
32,nidoran-m,0.5,9.0,55.0,46,57,40,40,40,50
33,nidorino,0.9,19.5,128.0,61,72,57,55,55,65
34,nidoking,1.4,62.0,227.0,81,102,77,85,75,85
35,clefairy,0.6,7.5,113.0,70,45,48,60,65,35
36,clefable,1.3,40.0,217.0,95,70,73,95,90,60
37,vulpix,0.6,9.9,60.0,38,41,40,50,65,65
38,ninetales,1.1,19.9,177.0,73,76,75,81,100,100
39,jigglypuff,0.5,5.5,95.0,115,45,20,45,25,20
40,wigglytuff,1.0,12.0,196.0,140,70,45,85,50,45
41,zubat,0.8,7.5,49.0,40,45,35,30,40,55
42,golbat,1.6,55.0,159.0,75,80,70,65,75,90
43,oddish,0.5,5.4,64.0,45,50,55,75,65,30
44,gloom,0.8,8.6,138.0,60,65,70,85,75,40
45,vileplume,1.2,18.6,221.0,75,80,85,110,90,50
46,paras,0.3,5.4,57.0,35,70,55,45,55,25
47,parasect,1.0,29.5,142.0,60,95,80,60,80,30
48,venonat,1.0,30.0,61.0,60,55,50,40,55,45
49,venomoth,1.5,12.5,158.0,70,65,60,90,75,90
50,diglett,0.2,0.8,53.0,10,55,25,35,45,95
51,dugtrio,0.7,33.3,149.0,35,100,50,50,70,120
52,meowth,0.4,4.2,58.0,40,45,35,40,40,90
53,persian,1.0,32.0,154.0,65,70,60,65,65,115
54,psyduck,0.8,19.6,64.0,50,52,48,65,50,55
55,golduck,1.7,76.6,175.0,80,82,78,95,80,85
56,mankey,0.5,28.0,61.0,40,80,35,35,45,70
57,primeape,1.0,32.0,159.0,65,105,60,60,70,95
58,growlithe,0.7,19.0,70.0,55,70,45,70,50,60
59,arcanine,1.9,155.0,194.0,90,110,80,100,80,95
60,poliwag,0.6,12.4,60.0,40,50,40,40,40,90
61,poliwhirl,1.0,20.0,135.0,65,65,65,50,50,90
62,poliwrath,1.3,54.0,230.0,90,95,95,70,90,70
63,abra,0.9,19.5,62.0,25,20,15,105,55,90
64,kadabra,1.3,56.5,140.0,40,35,30,120,70,105
65,alakazam,1.5,48.0,225.0,55,50,45,135,95,120
66,machop,0.8,19.5,61.0,70,80,50,35,35,35
67,machoke,1.5,70.5,142.0,80,100,70,50,60,45
68,machamp,1.6,130.0,227.0,90,130,80,65,85,55
69,bellsprout,0.7,4.0,60.0,50,75,35,70,30,40
70,weepinbell,1.0,6.4,137.0,65,90,50,85,45,55
71,victreebel,1.7,15.5,221.0,80,105,65,100,70,70
72,tentacool,0.9,45.5,67.0,40,40,35,50,100,70
73,tentacruel,1.6,55.0,180.0,80,70,65,80,120,100
74,geodude,0.4,20.0,60.0,40,80,100,30,30,20
75,graveler,1.0,105.0,137.0,55,95,115,45,45,35
76,golem,1.4,300.0,223.0,80,120,130,55,65,45
77,ponyta,1.0,30.0,82.0,50,85,55,65,65,90
78,rapidash,1.7,95.0,175.0,65,100,70,80,80,105
79,slowpoke,1.2,36.0,63.0,90,65,65,40,40,15
80,slowbro,1.6,78.5,172.0,95,75,110,100,80,30
81,magnemite,0.3,6.0,65.0,25,35,70,95,55,45
82,magneton,1.0,60.0,163.0,50,60,95,120,70,70
83,farfetchd,0.8,15.0,132.0,52,90,55,58,62,60
84,doduo,1.4,39.2,62.0,35,85,45,35,35,75
85,dodrio,1.8,85.2,165.0,60,110,70,60,60,110
86,seel,1.1,90.0,65.0,65,45,55,45,70,45
87,dewgong,1.7,120.0,166.0,90,70,80,70,95,70
88,grimer,0.9,30.0,65.0,80,80,50,40,50,25
89,muk,1.2,30.0,175.0,105,105,75,65,100,50
90,shellder,0.3,4.0,61.0,30,65,100,45,25,40
91,cloyster,1.5,132.5,184.0,50,95,180,85,45,70
92,gastly,1.3,0.1,62.0,30,35,30,100,35,80
93,haunter,1.6,0.1,142.0,45,50,45,115,55,95
94,gengar,1.5,40.5,225.0,60,65,60,130,75,110
95,onix,8.8,210.0,77.0,35,45,160,30,45,70
96,drowzee,1.0,32.4,66.0,60,48,45,43,90,42
97,hypno,1.6,75.6,169.0,85,73,70,73,115,67
98,krabby,0.4,6.5,65.0,30,105,90,25,25,50
99,kingler,1.3,60.0,166.0,55,130,115,50,50,75
100,voltorb,0.5,10.4,66.0,40,30,50,55,55,100
101,electrode,1.2,66.6,172.0,60,50,70,80,80,150
102,exeggcute,0.4,2.5,65.0,60,40,80,60,45,40
103,exeggutor,2.0,120.0,186.0,95,95,85,125,75,55
104,cubone,0.4,6.5,64.0,50,50,95,40,50,35
105,marowak,1.0,45.0,149.0,60,80,110,50,80,45
106,hitmonlee,1.5,49.8,159.0,50,120,53,35,110,87
107,hitmonchan,1.4,50.2,159.0,50,105,79,35,110,76
108,lickitung,1.2,65.5,77.0,90,55,75,60,75,30
109,koffing,0.6,1.0,68.0,40,65,95,60,45,35
110,weezing,1.2,9.5,172.0,65,90,120,85,70,60
111,rhyhorn,1.0,115.0,69.0,80,85,95,30,30,25
112,rhydon,1.9,120.0,170.0,105,130,120,45,45,40
113,chansey,1.1,34.6,395.0,250,5,5,35,105,50
114,tangela,1.0,35.0,87.0,65,55,115,100,40,60
115,kangaskhan,2.2,80.0,172.0,105,95,80,40,80,90
116,horsea,0.4,8.0,59.0,30,40,70,70,25,60
117,seadra,1.2,25.0,154.0,55,65,95,95,45,85
118,goldeen,0.6,15.0,64.0,45,67,60,35,50,63
119,seaking,1.3,39.0,158.0,80,92,65,65,80,68
120,staryu,0.8,34.5,68.0,30,45,55,70,55,85
121,starmie,1.1,80.0,182.0,60,75,85,100,85,115
122,mr-mime,1.3,54.5,161.0,40,45,65,100,120,90
123,scyther,1.5,56.0,100.0,70,110,80,55,80,105
124,jynx,1.4,40.6,159.0,65,50,35,115,95,95
125,electabuzz,1.1,30.0,172.0,65,83,57,95,85,105
126,magmar,1.3,44.5,173.0,65,95,57,100,85,93
127,pinsir,1.5,55.0,175.0,65,125,100,55,70,85
128,tauros,1.4,88.4,172.0,75,100,95,40,70,110
129,magikarp,0.9,10.0,40.0,20,10,55,15,20,80
130,gyarados,6.5,235.0,189.0,95,125,79,60,100,81
131,lapras,2.5,220.0,187.0,130,85,80,85,95,60
132,ditto,0.3,4.0,101.0,48,48,48,48,48,48
133,eevee,0.3,6.5,65.0,55,55,50,45,65,55
134,vaporeon,1.0,29.0,184.0,130,65,60,110,95,65
135,jolteon,0.8,24.5,184.0,65,65,60,110,95,130
136,flareon,0.9,25.0,184.0,65,130,60,95,110,65
137,porygon,0.8,36.5,79.0,65,60,70,85,75,40
138,omanyte,0.4,7.5,71.0,35,40,100,90,55,35
139,omastar,1.0,35.0,173.0,70,60,125,115,70,55
140,kabuto,0.5,11.5,71.0,30,80,90,55,45,55
141,kabutops,1.3,40.5,173.0,60,115,105,65,70,80
142,aerodactyl,1.8,59.0,180.0,80,105,65,60,75,130
143,snorlax,2.1,460.0,189.0,160,110,65,65,110,30
144,articuno,1.7,55.4,261.0,90,85,100,95,125,85
145,zapdos,1.6,52.6,261.0,90,90,85,125,90,100
146,moltres,2.0,60.0,261.0,90,100,90,125,85,90
147,dratini,1.8,3.3,60.0,41,64,45,50,50,50
148,dragonair,4.0,16.5,147.0,61,84,65,70,70,70
149,dragonite,2.2,210.0,270.0,91,134,95,100,100,80
150,mewtwo,2.0,122.0,306.0,106,110,90,154,90,130
151,mew,0.4,4.0,270.0,100,100,100,100,100,100
152,chikorita,0.9,6.4,64.0,45,49,65,49,65,45
153,bayleef,1.2,15.8,142.0,60,62,80,63,80,60
154,meganium,1.8,100.5,236.0,80,82,100,83,100,80
155,cyndaquil,0.5,7.9,62.0,39,52,43,60,50,65
156,quilava,0.9,19.0,142.0,58,64,58,80,65,80
157,typhlosion,1.7,79.5,240.0,78,84,78,109,85,100
158,totodile,0.6,9.5,63.0,50,65,64,44,48,43
159,croconaw,1.1,25.0,142.0,65,80,80,59,63,58
160,feraligatr,2.3,88.8,239.0,85,105,100,79,83,78
161,sentret,0.8,6.0,43.0,35,46,34,35,45,20
162,furret,1.8,32.5,145.0,85,76,64,45,55,90
163,hoothoot,0.7,21.2,52.0,60,30,30,36,56,50
164,noctowl,1.6,40.8,158.0,100,50,50,86,96,70
165,ledyba,1.0,10.8,53.0,40,20,30,40,80,55
166,ledian,1.4,35.6,137.0,55,35,50,55,110,85
167,spinarak,0.5,8.5,50.0,40,60,40,40,40,30
168,ariados,1.1,33.5,140.0,70,90,70,60,70,40
169,crobat,1.8,75.0,241.0,85,90,80,70,80,130
170,chinchou,0.5,12.0,66.0,75,38,38,56,56,67
171,lanturn,1.2,22.5,161.0,125,58,58,76,76,67
172,pichu,0.3,2.0,41.0,20,40,15,35,35,60
173,cleffa,0.3,3.0,44.0,50,25,28,45,55,15
174,igglybuff,0.3,1.0,42.0,90,30,15,40,20,15
175,togepi,0.3,1.5,49.0,35,20,65,40,65,20
176,togetic,0.6,3.2,142.0,55,40,85,80,105,40
177,natu,0.2,2.0,64.0,40,50,45,70,45,70
178,xatu,1.5,15.0,165.0,65,75,70,95,70,95
179,mareep,0.6,7.8,56.0,55,40,40,65,45,35
180,flaaffy,0.8,13.3,128.0,70,55,55,80,60,45
181,ampharos,1.4,61.5,230.0,90,75,85,115,90,55
182,bellossom,0.4,5.8,221.0,75,80,95,90,100,50
183,marill,0.4,8.5,88.0,70,20,50,20,50,40
184,azumarill,0.8,28.5,189.0,100,50,80,60,80,50
185,sudowoodo,1.2,38.0,144.0,70,100,115,30,65,30
186,politoed,1.1,33.9,225.0,90,75,75,90,100,70
187,hoppip,0.4,0.5,50.0,35,35,40,35,55,50
188,skiploom,0.6,1.0,119.0,55,45,50,45,65,80
189,jumpluff,0.8,3.0,207.0,75,55,70,55,95,110
190,aipom,0.8,11.5,72.0,55,70,55,40,55,85
191,sunkern,0.3,1.8,36.0,30,30,30,30,30,30
192,sunflora,0.8,8.5,149.0,75,75,55,105,85,30
193,yanma,1.2,38.0,78.0,65,65,45,75,45,95
194,wooper,0.4,8.5,42.0,55,45,45,25,25,15
195,quagsire,1.4,75.0,151.0,95,85,85,65,65,35
196,espeon,0.9,26.5,184.0,65,65,60,130,95,110
197,umbreon,1.0,27.0,184.0,95,65,110,60,130,65
198,murkrow,0.5,2.1,81.0,60,85,42,85,42,91
199,slowking,2.0,79.5,172.0,95,75,80,100,110,30
200,misdreavus,0.7,1.0,87.0,60,60,60,85,85,85
201,unown,0.5,5.0,118.0,48,72,48,72,48,48
202,wobbuffet,1.3,28.5,142.0,190,33,58,33,58,33
203,girafarig,1.5,41.5,159.0,70,80,65,90,65,85
204,pineco,0.6,7.2,58.0,50,65,90,35,35,15
205,forretress,1.2,125.8,163.0,75,90,140,60,60,40
206,dunsparce,1.5,14.0,145.0,100,70,70,65,65,45
207,gligar,1.1,64.8,86.0,65,75,105,35,65,85
208,steelix,9.2,400.0,179.0,75,85,200,55,65,30
209,snubbull,0.6,7.8,60.0,60,80,50,40,40,30
210,granbull,1.4,48.7,158.0,90,120,75,60,60,45
211,qwilfish,0.5,3.9,88.0,65,95,85,55,55,85
212,scizor,1.8,118.0,175.0,70,130,100,55,80,65
213,shuckle,0.6,20.5,177.0,20,10,230,10,230,5
214,heracross,1.5,54.0,175.0,80,125,75,40,95,85
215,sneasel,0.9,28.0,86.0,55,95,55,35,75,115
216,teddiursa,0.6,8.8,66.0,60,80,50,50,50,40
217,ursaring,1.8,125.8,175.0,90,130,75,75,75,55
218,slugma,0.7,35.0,50.0,40,40,40,70,40,20
219,magcargo,0.8,55.0,151.0,60,50,120,90,80,30
220,swinub,0.4,6.5,50.0,50,50,40,30,30,50
221,piloswine,1.1,55.8,158.0,100,100,80,60,60,50
222,corsola,0.6,5.0,144.0,65,55,95,65,95,35
223,remoraid,0.6,12.0,60.0,35,65,35,65,35,65
224,octillery,0.9,28.5,168.0,75,105,75,105,75,45
225,delibird,0.9,16.0,116.0,45,55,45,65,45,75
226,mantine,2.1,220.0,170.0,85,40,70,80,140,70
227,skarmory,1.7,50.5,163.0,65,80,140,40,70,70
228,houndour,0.6,10.8,66.0,45,60,30,80,50,65
229,houndoom,1.4,35.0,175.0,75,90,50,110,80,95
230,kingdra,1.8,152.0,243.0,75,95,95,95,95,85
231,phanpy,0.5,33.5,66.0,90,60,60,40,40,40
232,donphan,1.1,120.0,175.0,90,120,120,60,60,50
233,porygon2,0.6,32.5,180.0,85,80,90,105,95,60
234,stantler,1.4,71.2,163.0,73,95,62,85,65,85
235,smeargle,1.2,58.0,88.0,55,20,35,20,45,75
236,tyrogue,0.7,21.0,42.0,35,35,35,35,35,35
237,hitmontop,1.4,48.0,159.0,50,95,95,35,110,70
238,smoochum,0.4,6.0,61.0,45,30,15,85,65,65
239,elekid,0.6,23.5,72.0,45,63,37,65,55,95
240,magby,0.7,21.4,73.0,45,75,37,70,55,83
241,miltank,1.2,75.5,172.0,95,80,105,40,70,100
242,blissey,1.5,46.8,608.0,255,10,10,75,135,55
243,raikou,1.9,178.0,261.0,90,85,75,115,100,115
244,entei,2.1,198.0,261.0,115,115,85,90,75,100
245,suicune,2.0,187.0,261.0,100,75,115,90,115,85
246,larvitar,0.6,72.0,60.0,50,64,50,45,50,41
247,pupitar,1.2,152.0,144.0,70,84,70,65,70,51
248,tyranitar,2.0,202.0,270.0,100,134,110,95,100,61
249,lugia,5.2,216.0,306.0,106,90,130,90,154,110
250,ho-oh,3.8,199.0,306.0,106,130,90,110,154,90
251,celebi,0.6,5.0,270.0,100,100,100,100,100,100
252,treecko,0.5,5.0,62.0,40,45,35,65,55,70
253,grovyle,0.9,21.6,142.0,50,65,45,85,65,95
254,sceptile,1.7,52.2,239.0,70,85,65,105,85,120
255,torchic,0.4,2.5,62.0,45,60,40,70,50,45
256,combusken,0.9,19.5,142.0,60,85,60,85,60,55
257,blaziken,1.9,52.0,239.0,80,120,70,110,70,80
258,mudkip,0.4,7.6,62.0,50,70,50,50,50,40
259,marshtomp,0.7,28.0,142.0,70,85,70,60,70,50
260,swampert,1.5,81.9,241.0,100,110,90,85,90,60
261,poochyena,0.5,13.6,56.0,35,55,35,30,30,35
262,mightyena,1.0,37.0,147.0,70,90,70,60,60,70
263,zigzagoon,0.4,17.5,56.0,38,30,41,30,41,60
264,linoone,0.5,32.5,147.0,78,70,61,50,61,100
265,wurmple,0.3,3.6,56.0,45,45,35,20,30,20
266,silcoon,0.6,10.0,72.0,50,35,55,25,25,15
267,beautifly,1.0,28.4,178.0,60,70,50,100,50,65
268,cascoon,0.7,11.5,72.0,50,35,55,25,25,15
269,dustox,1.2,31.6,173.0,60,50,70,50,90,65
270,lotad,0.5,2.6,44.0,40,30,30,40,50,30
271,lombre,1.2,32.5,119.0,60,50,50,60,70,50
272,ludicolo,1.5,55.0,216.0,80,70,70,90,100,70
273,seedot,0.5,4.0,44.0,40,40,50,30,30,30
274,nuzleaf,1.0,28.0,119.0,70,70,40,60,40,60
275,shiftry,1.3,59.6,216.0,90,100,60,90,60,80
276,taillow,0.3,2.3,54.0,40,55,30,30,30,85
277,swellow,0.7,19.8,159.0,60,85,60,75,50,125
278,wingull,0.6,9.5,54.0,40,30,30,55,30,85
279,pelipper,1.2,28.0,154.0,60,50,100,95,70,65
280,ralts,0.4,6.6,40.0,28,25,25,45,35,40
281,kirlia,0.8,20.2,97.0,38,35,35,65,55,50
282,gardevoir,1.6,48.4,233.0,68,65,65,125,115,80
283,surskit,0.5,1.7,54.0,40,30,32,50,52,65
284,masquerain,0.8,3.6,159.0,70,60,62,100,82,80
285,shroomish,0.4,4.5,59.0,60,40,60,40,60,35
286,breloom,1.2,39.2,161.0,60,130,80,60,60,70
287,slakoth,0.8,24.0,56.0,60,60,60,35,35,30
288,vigoroth,1.4,46.5,154.0,80,80,80,55,55,90
289,slaking,2.0,130.5,252.0,150,160,100,95,65,100
290,nincada,0.5,5.5,53.0,31,45,90,30,30,40
291,ninjask,0.8,12.0,160.0,61,90,45,50,50,160
292,shedinja,0.8,1.2,83.0,1,90,45,30,30,40
293,whismur,0.6,16.3,48.0,64,51,23,51,23,28
294,loudred,1.0,40.5,126.0,84,71,43,71,43,48
295,exploud,1.5,84.0,221.0,104,91,63,91,73,68
296,makuhita,1.0,86.4,47.0,72,60,30,20,30,25
297,hariyama,2.3,253.8,166.0,144,120,60,40,60,50
298,azurill,0.2,2.0,38.0,50,20,40,20,40,20
299,nosepass,1.0,97.0,75.0,30,45,135,45,90,30
300,skitty,0.6,11.0,52.0,50,45,45,35,35,50
301,delcatty,1.1,32.6,140.0,70,65,65,55,55,90
302,sableye,0.5,11.0,133.0,50,75,75,65,65,50
303,mawile,0.6,11.5,133.0,50,85,85,55,55,50
304,aron,0.4,60.0,66.0,50,70,100,40,40,30
305,lairon,0.9,120.0,151.0,60,90,140,50,50,40
306,aggron,2.1,360.0,239.0,70,110,180,60,60,50
307,meditite,0.6,11.2,56.0,30,40,55,40,55,60
308,medicham,1.3,31.5,144.0,60,60,75,60,75,80
309,electrike,0.6,15.2,59.0,40,45,40,65,40,65
310,manectric,1.5,40.2,166.0,70,75,60,105,60,105
311,plusle,0.4,4.2,142.0,60,50,40,85,75,95
312,minun,0.4,4.2,142.0,60,40,50,75,85,95
313,volbeat,0.7,17.7,151.0,65,73,75,47,85,85
314,illumise,0.6,17.7,151.0,65,47,75,73,85,85
315,roselia,0.3,2.0,140.0,50,60,45,100,80,65
316,gulpin,0.4,10.3,60.0,70,43,53,43,53,40
317,swalot,1.7,80.0,163.0,100,73,83,73,83,55
318,carvanha,0.8,20.8,61.0,45,90,20,65,20,65
319,sharpedo,1.8,88.8,161.0,70,120,40,95,40,95
320,wailmer,2.0,130.0,80.0,130,70,35,70,35,60
321,wailord,14.5,398.0,175.0,170,90,45,90,45,60
322,numel,0.7,24.0,61.0,60,60,40,65,45,35
323,camerupt,1.9,220.0,161.0,70,100,70,105,75,40
324,torkoal,0.5,80.4,165.0,70,85,140,85,70,20
325,spoink,0.7,30.6,66.0,60,25,35,70,80,60
326,grumpig,0.9,71.5,165.0,80,45,65,90,110,80
327,spinda,1.1,5.0,126.0,60,60,60,60,60,60
328,trapinch,0.7,15.0,58.0,45,100,45,45,45,10
329,vibrava,1.1,15.3,119.0,50,70,50,50,50,70
330,flygon,2.0,82.0,234.0,80,100,80,80,80,100
331,cacnea,0.4,51.3,67.0,50,85,40,85,40,35
332,cacturne,1.3,77.4,166.0,70,115,60,115,60,55
333,swablu,0.4,1.2,62.0,45,40,60,40,75,50
334,altaria,1.1,20.6,172.0,75,70,90,70,105,80
335,zangoose,1.3,40.3,160.0,73,115,60,60,60,90
336,seviper,2.7,52.5,160.0,73,100,60,100,60,65
337,lunatone,1.0,168.0,161.0,90,55,65,95,85,70
338,solrock,1.2,154.0,161.0,90,95,85,55,65,70
339,barboach,0.4,1.9,58.0,50,48,43,46,41,60
340,whiscash,0.9,23.6,164.0,110,78,73,76,71,60
341,corphish,0.6,11.5,62.0,43,80,65,50,35,35
342,crawdaunt,1.1,32.8,164.0,63,120,85,90,55,55
343,baltoy,0.5,21.5,60.0,40,40,55,40,70,55
344,claydol,1.5,108.0,175.0,60,70,105,70,120,75
345,lileep,1.0,23.8,71.0,66,41,77,61,87,23
346,cradily,1.5,60.4,173.0,86,81,97,81,107,43
347,anorith,0.7,12.5,71.0,45,95,50,40,50,75
348,armaldo,1.5,68.2,173.0,75,125,100,70,80,45
349,feebas,0.6,7.4,40.0,20,15,20,10,55,80
350,milotic,6.2,162.0,189.0,95,60,79,100,125,81
351,castform,0.3,0.8,147.0,70,70,70,70,70,70
352,kecleon,1.0,22.0,154.0,60,90,70,60,120,40
353,shuppet,0.6,2.3,59.0,44,75,35,63,33,45
354,banette,1.1,12.5,159.0,64,115,65,83,63,65
355,duskull,0.8,15.0,59.0,20,40,90,30,90,25
356,dusclops,1.6,30.6,159.0,40,70,130,60,130,25
357,tropius,2.0,100.0,161.0,99,68,83,72,87,51
358,chimecho,0.6,1.0,159.0,75,50,80,95,90,65
359,absol,1.2,47.0,163.0,65,130,60,75,60,75
360,wynaut,0.6,14.0,52.0,95,23,48,23,48,23
361,snorunt,0.7,16.8,60.0,50,50,50,50,50,50
362,glalie,1.5,256.5,168.0,80,80,80,80,80,80
363,spheal,0.8,39.5,58.0,70,40,50,55,50,25
364,sealeo,1.1,87.6,144.0,90,60,70,75,70,45
365,walrein,1.4,150.6,239.0,110,80,90,95,90,65
366,clamperl,0.4,52.5,69.0,35,64,85,74,55,32
367,huntail,1.7,27.0,170.0,55,104,105,94,75,52
368,gorebyss,1.8,22.6,170.0,55,84,105,114,75,52
369,relicanth,1.0,23.4,170.0,100,90,130,45,65,55
370,luvdisc,0.6,8.7,116.0,43,30,55,40,65,97
371,bagon,0.6,42.1,60.0,45,75,60,40,30,50
372,shelgon,1.1,110.5,147.0,65,95,100,60,50,50
373,salamence,1.5,102.6,270.0,95,135,80,110,80,100
374,beldum,0.6,95.2,60.0,40,55,80,35,60,30
375,metang,1.2,202.5,147.0,60,75,100,55,80,50
376,metagross,1.6,550.0,270.0,80,135,130,95,90,70
377,regirock,1.7,230.0,261.0,80,100,200,50,100,50
378,regice,1.8,175.0,261.0,80,50,100,100,200,50
379,registeel,1.9,205.0,261.0,80,75,150,75,150,50
380,latias,1.4,40.0,270.0,80,80,90,110,130,110
381,latios,2.0,60.0,270.0,80,90,80,130,110,110
382,kyogre,4.5,352.0,302.0,100,100,90,150,140,90
383,groudon,3.5,950.0,302.0,100,150,140,100,90,90
384,rayquaza,7.0,206.5,306.0,105,150,90,150,90,95
385,jirachi,0.3,1.1,270.0,100,100,100,100,100,100
386,deoxys-normal,1.7,60.8,270.0,50,150,50,150,50,150
387,turtwig,0.4,10.2,64.0,55,68,64,45,55,31
388,grotle,1.1,97.0,142.0,75,89,85,55,65,36
389,torterra,2.2,310.0,236.0,95,109,105,75,85,56
390,chimchar,0.5,6.2,62.0,44,58,44,58,44,61
391,monferno,0.9,22.0,142.0,64,78,52,78,52,81
392,infernape,1.2,55.0,240.0,76,104,71,104,71,108
393,piplup,0.4,5.2,63.0,53,51,53,61,56,40
394,prinplup,0.8,23.0,142.0,64,66,68,81,76,50
395,empoleon,1.7,84.5,239.0,84,86,88,111,101,60
396,starly,0.3,2.0,49.0,40,55,30,30,30,60
397,staravia,0.6,15.5,119.0,55,75,50,40,40,80
398,staraptor,1.2,24.9,218.0,85,120,70,50,60,100
399,bidoof,0.5,20.0,50.0,59,45,40,35,40,31
400,bibarel,1.0,31.5,144.0,79,85,60,55,60,71
401,kricketot,0.3,2.2,39.0,37,25,41,25,41,25
402,kricketune,1.0,25.5,134.0,77,85,51,55,51,65
403,shinx,0.5,9.5,53.0,45,65,34,40,34,45
404,luxio,0.9,30.5,127.0,60,85,49,60,49,60
405,luxray,1.4,42.0,235.0,80,120,79,95,79,70
406,budew,0.2,1.2,56.0,40,30,35,50,70,55
407,roserade,0.9,14.5,232.0,60,70,65,125,105,90
408,cranidos,0.9,31.5,70.0,67,125,40,30,30,58
409,rampardos,1.6,102.5,173.0,97,165,60,65,50,58
410,shieldon,0.5,57.0,70.0,30,42,118,42,88,30
411,bastiodon,1.3,149.5,173.0,60,52,168,47,138,30
412,burmy,0.2,3.4,45.0,40,29,45,29,45,36
413,wormadam-plant,0.5,6.5,148.0,60,59,85,79,105,36
414,mothim,0.9,23.3,148.0,70,94,50,94,50,66
415,combee,0.3,5.5,49.0,30,30,42,30,42,70
416,vespiquen,1.2,38.5,166.0,70,80,102,80,102,40
417,pachirisu,0.4,3.9,142.0,60,45,70,45,90,95
418,buizel,0.7,29.5,66.0,55,65,35,60,30,85
419,floatzel,1.1,33.5,173.0,85,105,55,85,50,115
420,cherubi,0.4,3.3,55.0,45,35,45,62,53,35
421,cherrim,0.5,9.3,158.0,70,60,70,87,78,85
422,shellos,0.3,6.3,65.0,76,48,48,57,62,34
423,gastrodon,0.9,29.9,166.0,111,83,68,92,82,39
424,ambipom,1.2,20.3,169.0,75,100,66,60,66,115
425,drifloon,0.4,1.2,70.0,90,50,34,60,44,70
426,drifblim,1.2,15.0,174.0,150,80,44,90,54,80
427,buneary,0.4,5.5,70.0,55,66,44,44,56,85
428,lopunny,1.2,33.3,168.0,65,76,84,54,96,105
429,mismagius,0.9,4.4,173.0,60,60,60,105,105,105
430,honchkrow,0.9,27.3,177.0,100,125,52,105,52,71
431,glameow,0.5,3.9,62.0,49,55,42,42,37,85
432,purugly,1.0,43.8,158.0,71,82,64,64,59,112
433,chingling,0.2,0.6,57.0,45,30,50,65,50,45
434,stunky,0.4,19.2,66.0,63,63,47,41,41,74
435,skuntank,1.0,38.0,168.0,103,93,67,71,61,84
436,bronzor,0.5,60.5,60.0,57,24,86,24,86,23
437,bronzong,1.3,187.0,175.0,67,89,116,79,116,33
438,bonsly,0.5,15.0,58.0,50,80,95,10,45,10
439,mime-jr,0.6,13.0,62.0,20,25,45,70,90,60
440,happiny,0.6,24.4,110.0,100,5,5,15,65,30
441,chatot,0.5,1.9,144.0,76,65,45,92,42,91
442,spiritomb,1.0,108.0,170.0,50,92,108,92,108,35
443,gible,0.7,20.5,60.0,58,70,45,40,45,42
444,gabite,1.4,56.0,144.0,68,90,65,50,55,82
445,garchomp,1.9,95.0,270.0,108,130,95,80,85,102
446,munchlax,0.6,105.0,78.0,135,85,40,40,85,5
447,riolu,0.7,20.2,57.0,40,70,40,35,40,60
448,lucario,1.2,54.0,184.0,70,110,70,115,70,90
449,hippopotas,0.8,49.5,66.0,68,72,78,38,42,32
450,hippowdon,2.0,300.0,184.0,108,112,118,68,72,47
451,skorupi,0.8,12.0,66.0,40,50,90,30,55,65
452,drapion,1.3,61.5,175.0,70,90,110,60,75,95
453,croagunk,0.7,23.0,60.0,48,61,40,61,40,50
454,toxicroak,1.3,44.4,172.0,83,106,65,86,65,85
455,carnivine,1.4,27.0,159.0,74,100,72,90,72,46
456,finneon,0.4,7.0,66.0,49,49,56,49,61,66
457,lumineon,1.2,24.0,161.0,69,69,76,69,86,91
458,mantyke,1.0,65.0,69.0,45,20,50,60,120,50
459,snover,1.0,50.5,67.0,60,62,50,62,60,40
460,abomasnow,2.2,135.5,173.0,90,92,75,92,85,60
461,weavile,1.1,34.0,179.0,70,120,65,45,85,125
462,magnezone,1.2,180.0,241.0,70,70,115,130,90,60
463,lickilicky,1.7,140.0,180.0,110,85,95,80,95,50
464,rhyperior,2.4,282.8,241.0,115,140,130,55,55,40
465,tangrowth,2.0,128.6,187.0,100,100,125,110,50,50
466,electivire,1.8,138.6,243.0,75,123,67,95,85,95
467,magmortar,1.6,68.0,243.0,75,95,67,125,95,83
468,togekiss,1.5,38.0,245.0,85,50,95,120,115,80
469,yanmega,1.9,51.5,180.0,86,76,86,116,56,95
470,leafeon,1.0,25.5,184.0,65,110,130,60,65,95
471,glaceon,0.8,25.9,184.0,65,60,110,130,95,65
472,gliscor,2.0,42.5,179.0,75,95,125,45,75,95
473,mamoswine,2.5,291.0,239.0,110,130,80,70,60,80
474,porygon-z,0.9,34.0,241.0,85,80,70,135,75,90
475,gallade,1.6,52.0,233.0,68,125,65,65,115,80
476,probopass,1.4,340.0,184.0,60,55,145,75,150,40
477,dusknoir,2.2,106.6,236.0,45,100,135,65,135,45
478,froslass,1.3,26.6,168.0,70,80,70,80,70,110
479,rotom,0.3,0.3,154.0,50,50,77,95,77,91
480,uxie,0.3,0.3,261.0,75,75,130,75,130,95
481,mesprit,0.3,0.3,261.0,80,105,105,105,105,80
482,azelf,0.3,0.3,261.0,75,125,70,125,70,115
483,dialga,5.4,683.0,306.0,100,120,120,150,100,90
484,palkia,4.2,336.0,306.0,90,120,100,150,120,100
485,heatran,1.7,430.0,270.0,91,90,106,130,106,77
486,regigigas,3.7,420.0,302.0,110,160,110,80,110,100
487,giratina-altered,4.5,750.0,306.0,150,100,120,100,120,90
488,cresselia,1.5,85.6,270.0,120,70,110,75,120,85
489,phione,0.4,3.1,216.0,80,80,80,80,80,80
490,manaphy,0.3,1.4,270.0,100,100,100,100,100,100
491,darkrai,1.5,50.5,270.0,70,90,90,135,90,125
492,shaymin-land,0.2,2.1,270.0,100,100,100,100,100,100
493,arceus,3.2,320.0,324.0,120,120,120,120,120,120
494,victini,0.4,4.0,270.0,100,100,100,100,100,100
495,snivy,0.6,8.1,62.0,45,45,55,45,55,63
496,servine,0.8,16.0,145.0,60,60,75,60,75,83
497,serperior,3.3,63.0,238.0,75,75,95,75,95,113
498,tepig,0.5,9.9,62.0,65,63,45,45,45,45
499,pignite,1.0,55.5,146.0,90,93,55,70,55,55
500,emboar,1.6,150.0,238.0,110,123,65,100,65,65
501,oshawott,0.5,5.9,62.0,55,55,45,63,45,45
502,dewott,0.8,24.5,145.0,75,75,60,83,60,60
503,samurott,1.5,94.6,238.0,95,100,85,108,70,70
504,patrat,0.5,11.6,51.0,45,55,39,35,39,42
505,watchog,1.1,27.0,147.0,60,85,69,60,69,77
506,lillipup,0.4,4.1,55.0,45,60,45,25,45,55
507,herdier,0.9,14.7,130.0,65,80,65,35,65,60
508,stoutland,1.2,61.0,225.0,85,110,90,45,90,80
509,purrloin,0.4,10.1,56.0,41,50,37,50,37,66
510,liepard,1.1,37.5,156.0,64,88,50,88,50,106
511,pansage,0.6,10.5,63.0,50,53,48,53,48,64
512,simisage,1.1,30.5,174.0,75,98,63,98,63,101
513,pansear,0.6,11.0,63.0,50,53,48,53,48,64
514,simisear,1.0,28.0,174.0,75,98,63,98,63,101
515,panpour,0.6,13.5,63.0,50,53,48,53,48,64
516,simipour,1.0,29.0,174.0,75,98,63,98,63,101
517,munna,0.6,23.3,58.0,76,25,45,67,55,24
518,musharna,1.1,60.5,170.0,116,55,85,107,95,29
519,pidove,0.3,2.1,53.0,50,55,50,36,30,43
520,tranquill,0.6,15.0,125.0,62,77,62,50,42,65
521,unfezant,1.2,29.0,220.0,80,115,80,65,55,93
522,blitzle,0.8,29.8,59.0,45,60,32,50,32,76
523,zebstrika,1.6,79.5,174.0,75,100,63,80,63,116
524,roggenrola,0.4,18.0,56.0,55,75,85,25,25,15
525,boldore,0.9,102.0,137.0,70,105,105,50,40,20
526,gigalith,1.7,260.0,232.0,85,135,130,60,80,25
527,woobat,0.4,2.1,65.0,65,45,43,55,43,72
528,swoobat,0.9,10.5,149.0,67,57,55,77,55,114
529,drilbur,0.3,8.5,66.0,60,85,40,30,45,68
530,excadrill,0.7,40.4,178.0,110,135,60,50,65,88
531,audino,1.1,31.0,390.0,103,60,86,60,86,50
532,timburr,0.6,12.5,61.0,75,80,55,25,35,35
533,gurdurr,1.2,40.0,142.0,85,105,85,40,50,40
534,conkeldurr,1.4,87.0,227.0,105,140,95,55,65,45
535,tympole,0.5,4.5,59.0,50,50,40,50,40,64
536,palpitoad,0.8,17.0,134.0,75,65,55,65,55,69
537,seismitoad,1.5,62.0,229.0,105,95,75,85,75,74
538,throh,1.3,55.5,163.0,120,100,85,30,85,45
539,sawk,1.4,51.0,163.0,75,125,75,30,75,85
540,sewaddle,0.3,2.5,62.0,45,53,70,40,60,42
541,swadloon,0.5,7.3,133.0,55,63,90,50,80,42
542,leavanny,1.2,20.5,225.0,75,103,80,70,80,92
543,venipede,0.4,5.3,52.0,30,45,59,30,39,57
544,whirlipede,1.2,58.5,126.0,40,55,99,40,79,47
545,scolipede,2.5,200.5,218.0,60,100,89,55,69,112
546,cottonee,0.3,0.6,56.0,40,27,60,37,50,66
547,whimsicott,0.7,6.6,168.0,60,67,85,77,75,116
548,petilil,0.5,6.6,56.0,45,35,50,70,50,30
549,lilligant,1.1,16.3,168.0,70,60,75,110,75,90
550,basculin-red-striped,1.0,18.0,161.0,70,92,65,80,55,98
551,sandile,0.7,15.2,58.0,50,72,35,35,35,65
552,krokorok,1.0,33.4,123.0,60,82,45,45,45,74
553,krookodile,1.5,96.3,234.0,95,117,80,65,70,92
554,darumaka,0.6,37.5,63.0,70,90,45,15,45,50
555,darmanitan-standard,1.3,92.9,168.0,105,140,55,30,55,95
556,maractus,1.0,28.0,161.0,75,86,67,106,67,60
557,dwebble,0.3,14.5,65.0,50,65,85,35,35,55
558,crustle,1.4,200.0,170.0,70,105,125,65,75,45
559,scraggy,0.6,11.8,70.0,50,75,70,35,70,48
560,scrafty,1.1,30.0,171.0,65,90,115,45,115,58
561,sigilyph,1.4,14.0,172.0,72,58,80,103,80,97
562,yamask,0.5,1.5,61.0,38,30,85,55,65,30
563,cofagrigus,1.7,76.5,169.0,58,50,145,95,105,30
564,tirtouga,0.7,16.5,71.0,54,78,103,53,45,22
565,carracosta,1.2,81.0,173.0,74,108,133,83,65,32
566,archen,0.5,9.5,71.0,55,112,45,74,45,70
567,archeops,1.4,32.0,177.0,75,140,65,112,65,110
568,trubbish,0.6,31.0,66.0,50,50,62,40,62,65
569,garbodor,1.9,107.3,166.0,80,95,82,60,82,75
570,zorua,0.7,12.5,66.0,40,65,40,80,40,65
571,zoroark,1.6,81.1,179.0,60,105,60,120,60,105
572,minccino,0.4,5.8,60.0,55,50,40,40,40,75
573,cinccino,0.5,7.5,165.0,75,95,60,65,60,115
574,gothita,0.4,5.8,58.0,45,30,50,55,65,45
575,gothorita,0.7,18.0,137.0,60,45,70,75,85,55
576,gothitelle,1.5,44.0,221.0,70,55,95,95,110,65
577,solosis,0.3,1.0,58.0,45,30,40,105,50,20
578,duosion,0.6,8.0,130.0,65,40,50,125,60,30
579,reuniclus,1.0,20.1,221.0,110,65,75,125,85,30
580,ducklett,0.5,5.5,61.0,62,44,50,44,50,55
581,swanna,1.3,24.2,166.0,75,87,63,87,63,98
582,vanillite,0.4,5.7,61.0,36,50,50,65,60,44
583,vanillish,1.1,41.0,138.0,51,65,65,80,75,59
584,vanilluxe,1.3,57.5,241.0,71,95,85,110,95,79
585,deerling,0.6,19.5,67.0,60,60,50,40,50,75
586,sawsbuck,1.9,92.5,166.0,80,100,70,60,70,95
587,emolga,0.4,5.0,150.0,55,75,60,75,60,103
588,karrablast,0.5,5.9,63.0,50,75,45,40,45,60
589,escavalier,1.0,33.0,173.0,70,135,105,60,105,20
590,foongus,0.2,1.0,59.0,69,55,45,55,55,15
591,amoonguss,0.6,10.5,162.0,114,85,70,85,80,30
592,frillish-male,1.2,33.0,67.0,55,40,50,65,85,40
593,jellicent-male,2.2,135.0,168.0,100,60,70,85,105,60
594,alomomola,1.2,31.6,165.0,165,75,80,40,45,65
595,joltik,0.1,0.6,64.0,50,47,50,57,50,65
596,galvantula,0.8,14.3,165.0,70,77,60,97,60,108
597,ferroseed,0.6,18.8,61.0,44,50,91,24,86,10
598,ferrothorn,1.0,110.0,171.0,74,94,131,54,116,20
599,klink,0.3,21.0,60.0,40,55,70,45,60,30
600,klang,0.6,51.0,154.0,60,80,95,70,85,50
601,klinklang,0.6,81.0,234.0,60,100,115,70,85,90
602,tynamo,0.2,0.3,55.0,35,55,40,45,40,60
603,eelektrik,1.2,22.0,142.0,65,85,70,75,70,40
604,eelektross,2.1,80.5,232.0,85,115,80,105,80,50
605,elgyem,0.5,9.0,67.0,55,55,55,85,55,30
606,beheeyem,1.0,34.5,170.0,75,75,75,125,95,40
607,litwick,0.3,3.1,55.0,50,30,55,65,55,20
608,lampent,0.6,13.0,130.0,60,40,60,95,60,55
609,chandelure,1.0,34.3,234.0,60,55,90,145,90,80
610,axew,0.6,18.0,64.0,46,87,60,30,40,57
611,fraxure,1.0,36.0,144.0,66,117,70,40,50,67
612,haxorus,1.8,105.5,243.0,76,147,90,60,70,97
613,cubchoo,0.5,8.5,61.0,55,70,40,60,40,40
614,beartic,2.6,260.0,177.0,95,130,80,70,80,50
615,cryogonal,1.1,148.0,180.0,80,50,50,95,135,105
616,shelmet,0.4,7.7,61.0,50,40,85,40,65,25
617,accelgor,0.8,25.3,173.0,80,70,40,100,60,145
618,stunfisk,0.7,11.0,165.0,109,66,84,81,99,32
619,mienfoo,0.9,20.0,70.0,45,85,50,55,50,65
620,mienshao,1.4,35.5,179.0,65,125,60,95,60,105
621,druddigon,1.6,139.0,170.0,77,120,90,60,90,48
622,golett,1.0,92.0,61.0,59,74,50,35,50,35
623,golurk,2.8,330.0,169.0,89,124,80,55,80,55
624,pawniard,0.5,10.2,68.0,45,85,70,40,40,60
625,bisharp,1.6,70.0,172.0,65,125,100,60,70,70
626,bouffalant,1.6,94.6,172.0,95,110,95,40,95,55
627,rufflet,0.5,10.5,70.0,70,83,50,37,50,60
628,braviary,1.5,41.0,179.0,100,123,75,57,75,80
629,vullaby,0.5,9.0,74.0,70,55,75,45,65,60
630,mandibuzz,1.2,39.5,179.0,110,65,105,55,95,80
631,heatmor,1.4,58.0,169.0,85,97,66,105,66,65
632,durant,0.3,33.0,169.0,58,109,112,48,48,109
633,deino,0.8,17.3,60.0,52,65,50,45,50,38
634,zweilous,1.4,50.0,147.0,72,85,70,65,70,58
635,hydreigon,1.8,160.0,270.0,92,105,90,125,90,98
636,larvesta,1.1,28.8,72.0,55,85,55,50,55,60
637,volcarona,1.6,46.0,248.0,85,60,65,135,105,100
638,cobalion,2.1,250.0,261.0,91,90,129,90,72,108
639,terrakion,1.9,260.0,261.0,91,129,90,72,90,108
640,virizion,2.0,200.0,261.0,91,90,72,90,129,108
641,tornadus-incarnate,1.5,63.0,261.0,79,115,70,125,80,111
642,thundurus-incarnate,1.5,61.0,261.0,79,115,70,125,80,111
643,reshiram,3.2,330.0,306.0,100,120,100,150,120,90
644,zekrom,2.9,345.0,306.0,100,150,120,120,100,90
645,landorus-incarnate,1.5,68.0,270.0,89,125,90,115,80,101
646,kyurem,3.0,325.0,297.0,125,130,90,130,90,95
647,keldeo-ordinary,1.4,48.5,261.0,91,72,90,129,90,108
648,meloetta-aria,0.6,6.5,270.0,100,77,77,128,128,90
649,genesect,1.5,82.5,270.0,71,120,95,120,95,99
650,chespin,0.4,9.0,63.0,56,61,65,48,45,38
651,quilladin,0.7,29.0,142.0,61,78,95,56,58,57
652,chesnaught,1.6,90.0,239.0,88,107,122,74,75,64
653,fennekin,0.4,9.4,61.0,40,45,40,62,60,60
654,braixen,1.0,14.5,143.0,59,59,58,90,70,73
655,delphox,1.5,39.0,240.0,75,69,72,114,100,104
656,froakie,0.3,7.0,63.0,41,56,40,62,44,71
657,frogadier,0.6,10.9,142.0,54,63,52,83,56,97
658,greninja,1.5,40.0,239.0,72,95,67,103,71,122
659,bunnelby,0.4,5.0,47.0,38,36,38,32,36,57
660,diggersby,1.0,42.4,148.0,85,56,77,50,77,78
661,fletchling,0.3,1.7,56.0,45,50,43,40,38,62
662,fletchinder,0.7,16.0,134.0,62,73,55,56,52,84
663,talonflame,1.2,24.5,175.0,78,81,71,74,69,126
664,scatterbug,0.3,2.5,40.0,38,35,40,27,25,35
665,spewpa,0.3,8.4,75.0,45,22,60,27,30,29
666,vivillon,1.2,17.0,185.0,80,52,50,90,50,89
667,litleo,0.6,13.5,74.0,62,50,58,73,54,72
668,pyroar-male,1.5,81.5,177.0,86,68,72,109,66,106
669,flabebe,0.1,0.1,61.0,44,38,39,61,79,42
670,floette,0.2,0.9,130.0,54,45,47,75,98,52
671,florges,1.1,10.0,248.0,78,65,68,112,154,75
672,skiddo,0.9,31.0,70.0,66,65,48,62,57,52
673,gogoat,1.7,91.0,186.0,123,100,62,97,81,68
674,pancham,0.6,8.0,70.0,67,82,62,46,48,43
675,pangoro,2.1,136.0,173.0,95,124,78,69,71,58
676,furfrou,1.2,28.0,165.0,75,80,60,65,90,102
677,espurr,0.3,3.5,71.0,62,48,54,63,60,68
678,meowstic-male,0.6,8.5,163.0,74,48,76,83,81,104
679,honedge,0.8,2.0,65.0,45,80,100,35,37,28
680,doublade,0.8,4.5,157.0,59,110,150,45,49,35
681,aegislash-shield,1.7,53.0,234.0,60,50,140,50,140,60
682,spritzee,0.2,0.5,68.0,78,52,60,63,65,23
683,aromatisse,0.8,15.5,162.0,101,72,72,99,89,29
684,swirlix,0.4,3.5,68.0,62,48,66,59,57,49
685,slurpuff,0.8,5.0,168.0,82,80,86,85,75,72
686,inkay,0.4,3.5,58.0,53,54,53,37,46,45
687,malamar,1.5,47.0,169.0,86,92,88,68,75,73
688,binacle,0.5,31.0,61.0,42,52,67,39,56,50
689,barbaracle,1.3,96.0,175.0,72,105,115,54,86,68
690,skrelp,0.5,7.3,64.0,50,60,60,60,60,30
691,dragalge,1.8,81.5,173.0,65,75,90,97,123,44
692,clauncher,0.5,8.3,66.0,50,53,62,58,63,44
693,clawitzer,1.3,35.3,100.0,71,73,88,120,89,59
694,helioptile,0.5,6.0,58.0,44,38,33,61,43,70
695,heliolisk,1.0,21.0,168.0,62,55,52,109,94,109
696,tyrunt,0.8,26.0,72.0,58,89,77,45,45,48
697,tyrantrum,2.5,270.0,182.0,82,121,119,69,59,71
698,amaura,1.3,25.2,72.0,77,59,50,67,63,46
699,aurorus,2.7,225.0,104.0,123,77,72,99,92,58
700,sylveon,1.0,23.5,184.0,95,65,65,110,130,60
701,hawlucha,0.8,21.5,175.0,78,92,75,74,63,118
702,dedenne,0.2,2.2,151.0,67,58,57,81,67,101
703,carbink,0.3,5.7,100.0,50,50,150,50,150,50
704,goomy,0.3,2.8,60.0,45,50,35,55,75,40
705,sliggoo,0.8,17.5,158.0,68,75,53,83,113,60
706,goodra,2.0,150.5,270.0,90,100,70,110,150,80
707,klefki,0.2,3.0,165.0,57,80,91,80,87,75
708,phantump,0.4,7.0,62.0,43,70,48,50,60,38
709,trevenant,1.5,71.0,166.0,85,110,76,65,82,56
710,pumpkaboo-average,0.4,5.0,67.0,49,66,70,44,55,51
711,gourgeist-average,0.9,12.5,173.0,65,90,122,58,75,84
712,bergmite,1.0,99.5,61.0,55,69,85,32,35,28
713,avalugg,2.0,505.0,180.0,95,117,184,44,46,28
714,noibat,0.5,8.0,49.0,40,30,35,45,40,55
715,noivern,1.5,85.0,187.0,85,70,80,97,80,123
716,xerneas,3.0,215.0,306.0,126,131,95,131,98,99
717,yveltal,5.8,203.0,306.0,126,131,95,131,98,99
718,zygarde-50,5.0,305.0,270.0,108,100,121,81,95,95
719,diancie,0.7,8.8,270.0,50,100,150,100,150,50
720,hoopa,0.5,9.0,270.0,80,110,60,150,130,70
721,volcanion,1.7,195.0,270.0,80,110,120,130,90,70
722,rowlet,0.3,1.5,64.0,68,55,55,50,50,42
723,dartrix,0.7,16.0,147.0,78,75,75,70,70,52
724,decidueye,1.6,36.6,239.0,78,107,75,100,100,70
725,litten,0.4,4.3,64.0,45,65,40,60,40,70
726,torracat,0.7,25.0,147.0,65,85,50,80,50,90
727,incineroar,1.8,83.0,239.0,95,115,90,80,90,60
728,popplio,0.4,7.5,64.0,50,54,54,66,56,40
729,brionne,0.6,17.5,147.0,60,69,69,91,81,50
730,primarina,1.8,44.0,239.0,80,74,74,126,116,60
731,pikipek,0.3,1.2,53.0,35,75,30,30,30,65
732,trumbeak,0.6,14.8,124.0,55,85,50,40,50,75
733,toucannon,1.1,26.0,218.0,80,120,75,75,75,60
734,yungoos,0.4,6.0,51.0,48,70,30,30,30,45
735,gumshoos,0.7,14.2,146.0,88,110,60,55,60,45
736,grubbin,0.4,4.4,60.0,47,62,45,55,45,46
737,charjabug,0.5,10.5,140.0,57,82,95,55,75,36
738,vikavolt,1.5,45.0,225.0,77,70,90,145,75,43
739,crabrawler,0.6,7.0,68.0,47,82,57,42,47,63
740,crabominable,1.7,180.0,167.0,97,132,77,62,67,43
741,oricorio-baile,0.6,3.4,167.0,75,70,70,98,70,93
742,cutiefly,0.1,0.2,61.0,40,45,40,55,40,84
743,ribombee,0.2,0.5,162.0,60,55,60,95,70,124
744,rockruff,0.5,9.2,56.0,45,65,40,30,40,60
745,lycanroc-midday,0.8,25.0,170.0,75,115,65,55,65,112
746,wishiwashi-solo,0.2,0.3,61.0,45,20,20,25,25,40
747,mareanie,0.4,8.0,61.0,50,53,62,43,52,45
748,toxapex,0.7,14.5,173.0,50,63,152,53,142,35
749,mudbray,1.0,110.0,77.0,70,100,70,45,55,45
750,mudsdale,2.5,920.0,175.0,100,125,100,55,85,35
751,dewpider,0.3,4.0,54.0,38,40,52,40,72,27
752,araquanid,1.8,82.0,159.0,68,70,92,50,132,42
753,fomantis,0.3,1.5,50.0,40,55,35,50,35,35
754,lurantis,0.9,18.5,168.0,70,105,90,80,90,45
755,morelull,0.2,1.5,57.0,40,35,55,65,75,15
756,shiinotic,1.0,11.5,142.0,60,45,80,90,100,30
757,salandit,0.6,4.8,64.0,48,44,40,71,40,77
758,salazzle,1.2,22.2,168.0,68,64,60,111,60,117
759,stufful,0.5,6.8,68.0,70,75,50,45,50,50
760,bewear,2.1,135.0,175.0,120,125,80,55,60,60
761,bounsweet,0.3,3.2,42.0,42,30,38,30,38,32
762,steenee,0.7,8.2,102.0,52,40,48,40,48,62
763,tsareena,1.2,21.4,230.0,72,120,98,50,98,72
764,comfey,0.1,0.3,170.0,51,52,90,82,110,100
765,oranguru,1.5,76.0,172.0,90,60,80,90,110,60
766,passimian,2.0,82.8,172.0,100,120,90,40,60,80
767,wimpod,0.5,12.0,46.0,25,35,40,20,30,80
768,golisopod,2.0,108.0,186.0,75,125,140,60,90,40
769,sandygast,0.5,70.0,64.0,55,55,80,70,45,15
770,palossand,1.3,250.0,168.0,85,75,110,100,75,35
771,pyukumuku,0.3,1.2,144.0,55,60,130,30,130,5
772,type-null,1.9,120.5,107.0,95,95,95,95,95,59
773,silvally,2.3,100.5,257.0,95,95,95,95,95,95
774,minior-red-meteor,0.3,40.0,154.0,60,60,100,60,100,60
775,komala,0.4,19.9,168.0,65,115,65,75,95,65
776,turtonator,2.0,212.0,170.0,60,78,135,91,85,36
777,togedemaru,0.3,3.3,152.0,65,98,63,40,73,96
778,mimikyu-disguised,0.2,0.7,167.0,55,90,80,50,105,96
779,bruxish,0.9,19.0,166.0,68,105,70,70,70,92
780,drampa,3.0,185.0,170.0,78,60,85,135,91,36
781,dhelmise,3.9,210.0,181.0,70,131,100,86,90,40
782,jangmo-o,0.6,29.7,60.0,45,55,65,45,45,45
783,hakamo-o,1.2,47.0,147.0,55,75,90,65,70,65
784,kommo-o,1.6,78.2,270.0,75,110,125,100,105,85
785,tapu-koko,1.8,20.5,257.0,70,115,85,95,75,130
786,tapu-lele,1.2,18.6,257.0,70,85,75,130,115,95
787,tapu-bulu,1.9,45.5,257.0,70,130,115,85,95,75
788,tapu-fini,1.3,21.2,257.0,70,75,115,95,130,85
789,cosmog,0.2,0.1,40.0,43,29,31,29,31,37
790,cosmoem,0.1,999.9,140.0,43,29,131,29,131,37
791,solgaleo,3.4,230.0,306.0,137,137,107,113,89,97
792,lunala,4.0,120.0,306.0,137,113,89,137,107,97
793,nihilego,1.2,55.5,257.0,109,53,47,127,131,103
794,buzzwole,2.4,333.6,257.0,107,139,139,53,53,79
795,pheromosa,1.8,25.0,257.0,71,137,37,137,37,151
796,xurkitree,3.8,100.0,257.0,83,89,71,173,71,83
797,celesteela,9.2,999.9,257.0,97,101,103,107,101,61
798,kartana,0.3,0.1,257.0,59,181,131,59,31,109
799,guzzlord,5.5,888.0,257.0,223,101,53,97,53,43
800,necrozma,2.4,230.0,270.0,97,107,101,127,89,79
801,magearna,1.0,80.5,270.0,80,95,115,130,115,65
802,marshadow,0.7,22.2,270.0,90,125,80,90,90,125
803,poipole,0.6,1.8,189.0,67,73,67,73,67,73
804,naganadel,3.6,150.0,243.0,73,73,73,127,73,121
805,stakataka,5.5,820.0,257.0,61,131,211,53,101,13
806,blacephalon,1.8,13.0,257.0,53,127,53,151,79,107
807,zeraora,1.5,44.5,270.0,88,112,75,102,80,143
808,meltan,0.2,8.0,135.0,46,65,65,55,35,34
809,melmetal,2.5,800.0,270.0,135,143,143,80,65,34
810,grookey,0.3,5.0,62.0,50,65,50,40,40,65
811,thwackey,0.7,14.0,147.0,70,85,70,55,60,80
812,rillaboom,2.1,90.0,265.0,100,125,90,60,70,85
813,scorbunny,0.3,4.5,62.0,50,71,40,40,40,69
814,raboot,0.6,9.0,147.0,65,86,60,55,60,94
815,cinderace,1.4,33.0,265.0,80,116,75,65,75,119
816,sobble,0.3,4.0,62.0,50,40,40,70,40,70
817,drizzile,0.7,11.5,147.0,65,60,55,95,55,90
818,inteleon,1.9,45.2,265.0,70,85,65,125,65,120
819,skwovet,0.3,2.5,55.0,70,55,55,35,35,25
820,greedent,0.6,6.0,161.0,120,95,95,55,75,20
821,rookidee,0.2,1.8,49.0,38,47,35,33,35,57
822,corvisquire,0.8,16.0,128.0,68,67,55,43,55,77
823,corviknight,2.2,75.0,248.0,98,87,105,53,85,67
824,blipbug,0.4,8.0,36.0,25,20,20,25,45,45
825,dottler,0.4,19.5,117.0,50,35,80,50,90,30
826,orbeetle,0.4,40.8,253.0,60,45,110,80,120,90
827,nickit,0.6,8.9,49.0,40,28,28,47,52,50
828,thievul,1.2,19.9,159.0,70,58,58,87,92,90
829,gossifleur,0.4,2.2,50.0,40,40,60,40,60,10
830,eldegoss,0.5,2.5,161.0,60,50,90,80,120,60
831,wooloo,0.6,6.0,122.0,42,40,55,40,45,48
832,dubwool,1.3,43.0,172.0,72,80,100,60,90,88
833,chewtle,0.3,8.5,57.0,50,64,50,38,38,44
834,drednaw,1.0,115.5,170.0,90,115,90,48,68,74
835,yamper,0.3,13.5,54.0,59,45,50,40,50,26
836,boltund,1.0,34.0,172.0,69,90,60,90,60,121
837,rolycoly,0.3,12.0,48.0,30,40,50,40,50,30
838,carkol,1.1,78.0,144.0,80,60,90,60,70,50
839,coalossal,2.8,310.5,255.0,110,80,120,80,90,30
840,applin,0.2,0.5,52.0,40,40,80,40,40,20
841,flapple,0.3,1.0,170.0,70,110,80,95,60,70
842,appletun,0.4,13.0,170.0,110,85,80,100,80,30
843,silicobra,2.2,7.6,63.0,52,57,75,35,50,46
844,sandaconda,3.8,65.5,179.0,72,107,125,65,70,71
845,cramorant,0.8,18.0,166.0,70,85,55,85,95,85
846,arrokuda,0.5,1.0,56.0,41,63,40,40,30,66
847,barraskewda,1.3,30.0,172.0,61,123,60,60,50,136
848,toxel,0.4,11.0,48.0,40,38,35,54,35,40
849,toxtricity-amped,1.6,40.0,176.0,75,98,70,114,70,75
850,sizzlipede,0.7,1.0,61.0,50,65,45,50,50,45
851,centiskorch,3.0,120.0,184.0,100,115,65,90,90,65
852,clobbopus,0.6,4.0,62.0,50,68,60,50,50,32
853,grapploct,1.6,39.0,168.0,80,118,90,70,80,42
854,sinistea,0.1,0.2,62.0,40,45,45,74,54,50
855,polteageist,0.2,0.4,178.0,60,65,65,134,114,70
856,hatenna,0.4,3.4,53.0,42,30,45,56,53,39
857,hattrem,0.6,4.8,130.0,57,40,65,86,73,49
858,hatterene,2.1,5.1,255.0,57,90,95,136,103,29
859,impidimp,0.4,5.5,53.0,45,45,30,55,40,50
860,morgrem,0.8,12.5,130.0,65,60,45,75,55,70
861,grimmsnarl,1.5,61.0,255.0,95,120,65,95,75,60
862,obstagoon,1.6,46.0,260.0,93,90,101,60,81,95
863,perrserker,0.8,28.0,154.0,70,110,100,50,60,50
864,cursola,1.0,0.4,179.0,60,95,50,145,130,30
865,sirfetchd,0.8,117.0,177.0,62,135,95,68,82,65
866,mr-rime,1.5,58.2,182.0,80,85,75,110,100,70
867,runerigus,1.6,66.6,169.0,58,95,145,50,105,30
868,milcery,0.2,0.3,54.0,45,40,40,50,61,34
869,alcremie,0.3,0.5,173.0,65,60,75,110,121,64
870,falinks,3.0,62.0,165.0,65,100,100,70,60,75
871,pincurchin,0.3,1.0,152.0,48,101,95,91,85,15
872,snom,0.3,3.8,37.0,30,25,35,45,30,20
873,frosmoth,1.3,42.0,166.0,70,65,60,125,90,65
874,stonjourner,2.5,520.0,165.0,100,125,135,20,20,70
875,eiscue-ice,1.4,89.0,165.0,75,80,110,65,90,50
876,indeedee-male,0.9,28.0,166.0,60,65,55,105,95,95
877,morpeko-full-belly,0.3,3.0,153.0,58,95,58,70,58,97
878,cufant,1.2,100.0,66.0,72,80,49,40,49,40
879,copperajah,3.0,650.0,175.0,122,130,69,80,69,30
880,dracozolt,1.8,190.0,177.0,90,100,90,80,70,75
881,arctozolt,2.3,150.0,177.0,90,100,90,90,80,55
882,dracovish,2.3,215.0,177.0,90,90,100,70,80,75
883,arctovish,2.0,175.0,177.0,90,90,100,80,90,55
884,duraludon,1.8,40.0,187.0,70,95,115,120,50,85
885,dreepy,0.5,2.0,54.0,28,60,30,40,30,82
886,drakloak,1.4,11.0,144.0,68,80,50,60,50,102
887,dragapult,3.0,50.0,300.0,88,120,75,100,75,142
888,zacian,2.8,110.0,335.0,92,120,115,80,115,138
889,zamazenta,2.9,210.0,335.0,92,120,115,80,115,138
890,eternatus,20.0,950.0,345.0,140,85,95,145,95,130
891,kubfu,0.6,12.0,77.0,60,90,60,53,50,72
892,urshifu-single-strike,1.9,105.0,275.0,100,130,100,63,60,97
893,zarude,1.8,70.0,300.0,105,120,105,70,95,105
894,regieleki,1.2,145.0,290.0,80,100,50,100,50,200
895,regidrago,2.1,200.0,290.0,200,100,50,100,50,80
896,glastrier,2.2,800.0,290.0,100,145,130,65,110,30
897,spectrier,2.0,44.5,290.0,100,65,60,145,80,130
898,calyrex,1.1,7.7,250.0,100,80,80,80,80,80
899,wyrdeer,1.8,95.1,263.0,103,105,72,105,75,65
900,kleavor,1.8,89.0,175.0,70,135,95,45,70,85
901,ursaluna,2.4,290.0,275.0,130,140,105,45,80,50
902,basculegion-male,3.0,110.0,265.0,120,112,65,80,75,78
903,sneasler,1.3,43.0,102.0,80,130,60,40,80,120
904,overqwil,2.5,60.5,179.0,85,115,95,65,65,85
905,enamorus-incarnate,1.6,48.0,116.0,74,115,70,135,80,106
906,sprigatito,0.4,4.1,62.0,40,61,54,45,45,65
907,floragato,0.9,12.2,144.0,61,80,63,60,63,83
908,meowscarada,1.5,31.2,265.0,76,110,70,81,70,123
909,fuecoco,0.4,9.8,62.0,67,45,59,63,40,36
910,crocalor,1.0,30.7,144.0,81,55,78,90,58,49
911,skeledirge,1.6,326.5,265.0,104,75,100,110,75,66
912,quaxly,0.5,6.1,62.0,55,65,45,50,45,50
913,quaxwell,1.2,21.5,144.0,70,85,65,65,60,65
914,quaquaval,1.8,61.9,265.0,85,120,80,85,75,85
915,lechonk,0.5,10.2,51.0,54,45,40,35,45,35
916,oinkologne-male,1.0,120.0,171.0,110,100,75,59,80,65
917,tarountula,0.3,4.0,42.0,35,41,45,29,40,20
918,spidops,1.0,16.5,141.0,60,79,92,52,86,35
919,nymble,0.2,1.0,42.0,33,46,40,21,25,45
920,lokix,1.0,17.5,158.0,71,102,78,52,55,92
921,pawmi,0.3,2.5,48.0,45,50,20,40,25,60
922,pawmo,0.4,6.5,123.0,60,75,40,50,40,85
923,pawmot,0.9,41.0,245.0,70,115,70,70,60,105
924,tandemaus,0.3,1.8,61.0,50,50,45,40,45,75
925,maushold-family-of-four,0.3,2.8,165.0,74,75,70,65,75,111
926,fidough,0.3,10.9,62.0,37,55,70,30,55,65
927,dachsbun,0.5,14.9,167.0,57,80,115,50,80,95
928,smoliv,0.3,6.5,52.0,41,35,45,58,51,30
929,dolliv,0.6,11.9,124.0,52,53,60,78,78,33
930,arboliva,1.4,48.2,255.0,78,69,90,125,109,39
931,squawkabilly-green-plumage,0.6,2.4,146.0,82,96,51,45,51,92
932,nacli,0.4,16.0,56.0,55,55,75,35,35,25
933,naclstack,0.6,105.0,124.0,60,60,100,35,65,35
934,garganacl,2.3,240.0,250.0,100,100,130,45,90,35
935,charcadet,0.6,10.5,51.0,40,50,40,50,40,35
936,armarouge,1.5,85.0,263.0,85,60,100,125,80,75
937,ceruledge,1.6,62.0,263.0,75,125,80,60,100,85
938,tadbulb,0.3,0.4,54.0,61,31,41,59,35,45
939,bellibolt,1.2,113.0,173.0,109,64,91,103,83,45
940,wattrel,0.4,3.6,56.0,40,40,35,55,40,70
941,kilowattrel,1.4,38.6,172.0,70,70,60,105,60,125
942,maschiff,0.5,16.0,68.0,60,78,60,40,51,51
943,mabosstiff,1.1,61.0,177.0,80,120,90,60,70,85
944,shroodle,0.2,0.7,58.0,40,65,35,40,35,75
945,grafaiai,0.7,27.2,170.0,63,95,65,80,72,110
946,bramblin,0.6,0.6,55.0,40,65,30,45,35,60
947,brambleghast,1.2,6.0,168.0,55,115,70,80,70,90
948,toedscool,0.9,33.0,67.0,40,40,35,50,100,70
949,toedscruel,1.9,58.0,180.0,80,70,65,80,120,100
950,klawf,1.3,79.0,158.0,70,100,115,35,55,75
951,capsakid,0.3,3.0,61.0,50,62,40,62,40,50
952,scovillain,0.9,15.0,170.0,65,108,65,108,65,75
953,rellor,0.2,1.0,54.0,41,50,60,31,58,30
954,rabsca,0.3,3.5,165.0,75,50,85,115,100,45
955,flittle,0.2,1.5,51.0,30,35,30,55,30,75
956,espathra,1.9,90.0,168.0,95,60,60,101,60,105
957,tinkatink,0.4,8.9,59.0,50,45,45,35,64,58
958,tinkatuff,0.7,59.1,133.0,65,55,55,45,82,78
959,tinkaton,0.7,112.8,253.0,85,75,77,70,105,94
960,wiglett,1.2,1.8,49.0,10,55,25,35,25,95
961,wugtrio,1.2,5.4,149.0,35,100,50,50,70,120
962,bombirdier,1.5,42.9,243.0,70,103,85,60,85,82
963,finizen,1.3,60.2,63.0,70,45,40,45,40,75
964,palafin-zero,1.3,60.2,160.0,100,70,72,53,62,100
965,varoom,1.0,35.0,60.0,45,70,63,30,45,47
966,revavroom,1.8,120.0,175.0,80,119,90,54,67,90
967,cyclizar,1.6,63.0,175.0,70,95,65,85,65,121
968,orthworm,2.5,310.0,240.0,70,85,145,60,55,65
969,glimmet,0.7,8.0,70.0,48,35,42,105,60,60
970,glimmora,1.5,45.0,184.0,83,55,90,130,81,86
971,greavard,0.6,35.0,58.0,50,61,60,30,55,34
972,houndstone,2.0,15.0,171.0,72,101,100,50,97,68
973,flamigo,1.6,37.0,175.0,82,115,74,75,64,90
974,cetoddle,1.2,45.0,67.0,108,68,45,30,40,43
975,cetitan,4.5,700.0,182.0,170,113,65,45,55,73
976,veluza,2.5,90.0,167.0,90,102,73,78,65,70
977,dondozo,12.0,220.0,265.0,150,100,115,65,65,35
978,tatsugiri-curly,0.3,8.0,166.0,68,50,60,120,95,82
979,annihilape,1.2,56.0,268.0,110,115,80,50,90,90
980,clodsire,1.8,223.0,151.0,130,75,60,45,100,20
981,farigiraf,3.2,160.0,260.0,120,90,70,110,70,60
982,dudunsparce-two-segment,3.6,39.2,182.0,125,100,80,85,75,55
983,kingambit,2.0,120.0,275.0,100,135,120,60,85,50
984,great-tusk,2.2,320.0,285.0,115,131,131,53,53,87
985,scream-tail,1.2,8.0,285.0,115,65,99,65,115,111
986,brute-bonnet,1.2,21.0,285.0,111,127,99,79,99,55
987,flutter-mane,1.4,4.0,285.0,55,55,55,135,135,135
988,slither-wing,3.2,92.0,285.0,85,135,79,85,105,81
989,sandy-shocks,2.3,60.0,285.0,85,81,97,121,85,101
990,iron-treads,0.9,240.0,285.0,90,112,120,72,70,106
991,iron-bundle,0.6,11.0,285.0,56,80,114,124,60,136
992,iron-hands,1.8,380.7,285.0,154,140,108,50,68,50
993,iron-jugulis,1.3,111.0,285.0,94,80,86,122,80,108
994,iron-moth,1.2,36.0,285.0,80,70,60,140,110,110
995,iron-thorns,1.6,303.0,285.0,100,134,110,70,84,72
996,frigibax,0.5,17.0,64.0,65,75,45,35,45,55
997,arctibax,0.8,30.0,148.0,90,95,66,45,65,62
998,baxcalibur,2.1,210.0,300.0,115,145,92,75,86,87
999,gimmighoul,0.3,5.0,60.0,45,30,70,75,70,10
1000,gholdengo,1.2,30.0,275.0,87,60,95,133,91,84
1001,wo-chien,1.5,74.2,285.0,85,85,100,95,135,70
1002,chien-pao,1.9,152.2,285.0,80,120,80,90,65,135
1003,ting-lu,2.7,699.7,285.0,155,110,125,55,80,45
1004,chi-yu,0.4,4.9,285.0,55,80,80,135,120,100
1005,roaring-moon,2.0,380.0,295.0,105,139,71,55,101,119
1006,iron-valiant,1.4,35.0,295.0,74,130,90,120,60,116
1007,koraidon,2.5,303.0,335.0,100,135,115,85,100,135
1008,miraidon,3.5,240.0,335.0,100,85,100,135,115,135
1009,walking-wake,3.5,280.0,295.0,99,83,91,125,83,109
1010,iron-leaves,1.5,125.0,295.0,90,130,88,70,108,104
1011,dipplin,0.4,9.7,170.0,80,80,110,95,80,40
1012,poltchageist,0.1,1.1,62.0,40,45,45,74,54,50
1013,sinistcha,0.2,2.2,178.0,71,60,106,121,80,70
1014,okidogi,1.8,92.2,278.0,88,128,115,58,86,80
1015,munkidori,1.0,12.2,278.0,88,75,66,130,90,106
1016,fezandipiti,1.4,30.1,278.0,88,91,82,70,125,99
1017,ogerpon,1.2,39.8,275.0,80,120,84,60,96,110
1018,archaludon,2.0,60.0,300.0,90,105,130,125,65,85
1019,hydrapple,1.8,93.0,270.0,106,80,110,120,80,44
1020,gouging-fire,3.5,590.0,295.0,105,115,121,65,93,91
1021,raging-bolt,5.2,480.0,295.0,125,73,91,137,89,75
1022,iron-boulder,1.5,162.5,295.0,90,120,80,68,108,124
1023,iron-crown,1.6,156.0,295.0,90,72,100,122,108,98
1024,terapagos,0.2,6.5,90.0,90,65,85,65,85,60
1025,pecharunt,0.3,0.3,300.0,88,88,160,88,88,88
10001,deoxys-attack,1.7,60.8,270.0,50,180,20,180,20,150
10002,deoxys-defense,1.7,60.8,270.0,50,70,160,70,160,90
10003,deoxys-speed,1.7,60.8,270.0,50,95,90,95,90,180
10004,wormadam-sandy,0.5,6.5,148.0,60,79,105,59,85,36
10005,wormadam-trash,0.5,6.5,148.0,60,69,95,69,95,36
10006,shaymin-sky,0.4,5.2,270.0,100,103,75,120,75,127
10007,giratina-origin,6.9,650.0,340.0,150,120,100,120,100,90
10008,rotom-heat,0.3,0.3,182.0,50,65,107,105,107,86
10009,rotom-wash,0.3,0.3,182.0,50,65,107,105,107,86
10010,rotom-frost,0.3,0.3,182.0,50,65,107,105,107,86
10011,rotom-fan,0.3,0.3,182.0,50,65,107,105,107,86
10012,rotom-mow,0.3,0.3,182.0,50,65,107,105,107,86
10013,castform-sunny,0.3,0.8,147.0,70,70,70,70,70,70
10014,castform-rainy,0.3,0.8,147.0,70,70,70,70,70,70
10015,castform-snowy,0.3,0.8,147.0,70,70,70,70,70,70
10016,basculin-blue-striped,1.0,18.0,161.0,70,92,65,80,55,98
10017,darmanitan-zen,1.3,92.9,189.0,105,30,105,140,105,55
10018,meloetta-pirouette,0.6,6.5,270.0,100,128,90,77,77,128
10019,tornadus-therian,1.4,63.0,290.0,79,100,80,110,90,121
10020,thundurus-therian,3.0,61.0,290.0,79,105,70,145,80,101
10021,landorus-therian,1.3,68.0,300.0,89,145,90,105,80,91
10022,kyurem-black,3.3,325.0,350.0,125,170,100,120,90,95
10023,kyurem-white,3.6,325.0,350.0,125,120,90,170,100,95
10024,keldeo-resolute,1.4,48.5,290.0,91,72,90,129,90,108
10025,meowstic-female,0.6,8.5,163.0,74,48,76,83,81,104
10026,aegislash-blade,1.7,53.0,250.0,60,140,50,140,50,60
10027,pumpkaboo-small,0.3,3.5,67.0,44,66,70,44,55,56
10028,pumpkaboo-large,0.5,7.5,67.0,54,66,70,44,55,46
10029,pumpkaboo-super,0.8,15.0,67.0,59,66,70,44,55,41
10030,gourgeist-small,0.7,9.5,173.0,55,85,122,58,75,99
10031,gourgeist-large,1.1,14.0,173.0,75,95,122,58,75,69
10032,gourgeist-super,1.7,39.0,173.0,85,100,122,58,75,54
10033,venusaur-mega,2.4,155.5,281.0,80,100,123,122,120,80
10034,charizard-mega-x,1.7,110.5,285.0,78,130,111,130,85,100
10035,charizard-mega-y,1.7,100.5,285.0,78,104,78,159,115,100
10036,blastoise-mega,1.6,101.1,284.0,79,103,120,135,115,78
10037,alakazam-mega,1.2,48.0,270.0,55,50,65,175,105,150
10038,gengar-mega,1.4,40.5,270.0,60,65,80,170,95,130
10039,kangaskhan-mega,2.2,100.0,207.0,105,125,100,60,100,100
10040,pinsir-mega,1.7,59.0,210.0,65,155,120,65,90,105
10041,gyarados-mega,6.5,305.0,224.0,95,155,109,70,130,81
10042,aerodactyl-mega,2.1,79.0,215.0,80,135,85,70,95,150
10043,mewtwo-mega-x,2.3,127.0,351.0,106,190,100,154,100,130
10044,mewtwo-mega-y,1.5,33.0,351.0,106,150,70,194,120,140
10045,ampharos-mega,1.4,61.5,275.0,90,95,105,165,110,45
10046,scizor-mega,2.0,125.0,210.0,70,150,140,65,100,75
10047,heracross-mega,1.7,62.5,210.0,80,185,115,40,105,75
10048,houndoom-mega,1.9,49.5,210.0,75,90,90,140,90,115
10049,tyranitar-mega,2.5,255.0,315.0,100,164,150,95,120,71
10050,blaziken-mega,1.9,52.0,284.0,80,160,80,130,80,100
10051,gardevoir-mega,1.6,48.4,278.0,68,85,65,165,135,100
10052,mawile-mega,1.0,23.5,168.0,50,105,125,55,95,50
10053,aggron-mega,2.2,395.0,284.0,70,140,230,60,80,50
10054,medicham-mega,1.3,31.5,179.0,60,100,85,80,85,100
10055,manectric-mega,1.8,44.0,201.0,70,75,80,135,80,135
10056,banette-mega,1.2,13.0,194.0,64,165,75,93,83,75
10057,absol-mega,1.2,49.0,198.0,65,150,60,115,60,115
10058,garchomp-mega,1.9,95.0,315.0,108,170,115,120,95,92
10059,lucario-mega,1.3,57.5,219.0,70,145,88,140,70,112
10060,abomasnow-mega,2.7,185.0,208.0,90,132,105,132,105,30
10061,floette-eternal,0.2,0.9,243.0,74,65,67,125,128,92
10062,latias-mega,1.8,52.0,315.0,80,100,120,140,150,110
10063,latios-mega,2.3,70.0,315.0,80,130,100,160,120,110
10064,swampert-mega,1.9,102.0,286.0,100,150,110,95,110,70
10065,sceptile-mega,1.9,55.2,284.0,70,110,75,145,85,145
10066,sableye-mega,0.5,161.0,168.0,50,85,125,85,115,20
10067,altaria-mega,1.5,20.6,207.0,75,110,110,110,105,80
10068,gallade-mega,1.6,56.4,278.0,68,165,95,65,115,110
10069,audino-mega,1.5,32.0,425.0,103,60,126,80,126,50
10070,sharpedo-mega,2.5,130.3,196.0,70,140,70,110,65,105
10071,slowbro-mega,2.0,120.0,207.0,95,75,180,130,80,30
10072,steelix-mega,10.5,740.0,214.0,75,125,230,55,95,30
10073,pidgeot-mega,2.2,50.5,261.0,83,80,80,135,80,121
10074,glalie-mega,2.1,350.2,203.0,80,120,80,120,80,100
10075,diancie-mega,1.1,27.8,315.0,50,160,110,160,110,110
10076,metagross-mega,2.5,942.9,315.0,80,145,150,105,110,110
10077,kyogre-primal,9.8,430.0,347.0,100,150,90,180,160,90
10078,groudon-primal,5.0,999.7,347.0,100,180,160,150,90,90
10079,rayquaza-mega,10.8,392.0,351.0,105,180,100,180,100,115
10080,pikachu-rock-star,0.4,6.0,112.0,35,55,40,50,50,90
10081,pikachu-belle,0.4,6.0,112.0,35,55,40,50,50,90
10082,pikachu-pop-star,0.4,6.0,112.0,35,55,40,50,50,90
10083,pikachu-phd,0.4,6.0,112.0,35,55,40,50,50,90
10084,pikachu-libre,0.4,6.0,112.0,35,55,40,50,50,90
10085,pikachu-cosplay,0.4,6.0,112.0,35,55,40,50,50,90
10086,hoopa-unbound,6.5,490.0,306.0,80,160,60,170,130,80
10087,camerupt-mega,2.5,320.5,196.0,70,120,100,145,105,20
10088,lopunny-mega,1.3,28.3,203.0,65,136,94,54,96,135
10089,salamence-mega,1.8,112.6,315.0,95,145,130,120,90,120
10090,beedrill-mega,1.4,40.5,223.0,65,150,40,15,80,145
10091,rattata-alola,0.3,3.8,51.0,30,56,35,25,35,72
10092,raticate-alola,0.7,25.5,145.0,75,71,70,40,80,77
10093,raticate-totem-alola,1.4,105.0,145.0,75,71,70,40,80,77
10094,pikachu-original-cap,0.4,6.0,112.0,35,55,40,50,50,90
10095,pikachu-hoenn-cap,0.4,6.0,112.0,35,55,40,50,50,90
10096,pikachu-sinnoh-cap,0.4,6.0,112.0,35,55,40,50,50,90
10097,pikachu-unova-cap,0.4,6.0,112.0,35,55,40,50,50,90
10098,pikachu-kalos-cap,0.4,6.0,112.0,35,55,40,50,50,90
10099,pikachu-alola-cap,0.4,6.0,112.0,35,55,40,50,50,90
10100,raichu-alola,0.7,21.0,243.0,60,85,50,95,85,110
10101,sandshrew-alola,0.7,40.0,60.0,50,75,90,10,35,40
10102,sandslash-alola,1.2,55.0,158.0,75,100,120,25,65,65
10103,vulpix-alola,0.6,9.9,60.0,38,41,40,50,65,65
10104,ninetales-alola,1.1,19.9,177.0,73,67,75,81,100,109
10105,diglett-alola,0.2,1.0,53.0,10,55,30,35,45,90
10106,dugtrio-alola,0.7,66.6,149.0,35,100,60,50,70,110
10107,meowth-alola,0.4,4.2,58.0,40,35,35,50,40,90
10108,persian-alola,1.1,33.0,154.0,65,60,60,75,65,115
10109,geodude-alola,0.4,20.3,60.0,40,80,100,30,30,20
10110,graveler-alola,1.0,110.0,137.0,55,95,115,45,45,35
10111,golem-alola,1.7,316.0,223.0,80,120,130,55,65,45
10112,grimer-alola,0.7,42.0,65.0,80,80,50,40,50,25
10113,muk-alola,1.0,52.0,175.0,105,105,75,65,100,50
10114,exeggutor-alola,10.9,415.6,186.0,95,105,85,125,75,45
10115,marowak-alola,1.0,34.0,149.0,60,80,110,50,80,45
10116,greninja-battle-bond,1.5,40.0,239.0,72,95,67,103,71,122
10117,greninja-ash,1.5,40.0,288.0,72,145,67,153,71,132
10118,zygarde-10-power-construct,1.2,33.5,243.0,54,100,71,61,85,115
10119,zygarde-50-power-construct,5.0,305.0,300.0,108,100,121,81,95,95
10120,zygarde-complete,4.5,610.0,354.0,216,100,121,91,95,85
10121,gumshoos-totem,1.4,60.0,146.0,88,110,60,55,60,45
10122,vikavolt-totem,2.6,147.5,225.0,77,70,90,145,75,43
10123,oricorio-pom-pom,0.6,3.4,167.0,75,70,70,98,70,93
10124,oricorio-pau,0.6,3.4,167.0,75,70,70,98,70,93
10125,oricorio-sensu,0.6,3.4,167.0,75,70,70,98,70,93
10126,lycanroc-midnight,1.1,25.0,170.0,85,115,75,55,75,82
10127,wishiwashi-school,8.2,78.6,217.0,45,140,130,140,135,30
10128,lurantis-totem,1.5,58.0,168.0,70,105,90,80,90,45
10129,salazzle-totem,2.1,81.0,168.0,68,64,60,111,60,117
10130,minior-orange-meteor,0.3,40.0,154.0,60,60,100,60,100,60
10131,minior-yellow-meteor,0.3,40.0,154.0,60,60,100,60,100,60
10132,minior-green-meteor,0.3,40.0,154.0,60,60,100,60,100,60
10133,minior-blue-meteor,0.3,40.0,154.0,60,60,100,60,100,60
10134,minior-indigo-meteor,0.3,40.0,154.0,60,60,100,60,100,60
10135,minior-violet-meteor,0.3,40.0,154.0,60,60,100,60,100,60
10136,minior-red,0.3,0.3,175.0,60,100,60,100,60,120
10137,minior-orange,0.3,0.3,175.0,60,100,60,100,60,120
10138,minior-yellow,0.3,0.3,175.0,60,100,60,100,60,120
10139,minior-green,0.3,0.3,175.0,60,100,60,100,60,120
10140,minior-blue,0.3,0.3,175.0,60,100,60,100,60,120
10141,minior-indigo,0.3,0.3,175.0,60,100,60,100,60,120
10142,minior-violet,0.3,0.3,175.0,60,100,60,100,60,120
10143,mimikyu-busted,0.2,0.7,167.0,55,90,80,50,105,96
10144,mimikyu-totem-disguised,0.4,2.8,167.0,55,90,80,50,105,96
10145,mimikyu-totem-busted,0.4,2.8,167.0,55,90,80,50,105,96
10146,kommo-o-totem,2.4,207.5,270.0,75,110,125,100,105,85
10147,magearna-original,1.0,80.5,300.0,80,95,115,130,115,65
10148,pikachu-partner-cap,0.4,6.0,112.0,35,55,40,50,50,90
10149,marowak-totem,1.7,98.0,149.0,60,80,110,50,80,45
10150,ribombee-totem,0.4,2.0,162.0,60,55,60,95,70,124
10151,rockruff-own-tempo,0.5,9.2,56.0,45,65,40,30,40,60
10152,lycanroc-dusk,0.8,25.0,170.0,75,117,65,55,65,110
10153,araquanid-totem,3.1,217.5,159.0,68,70,92,50,132,42
10154,togedemaru-totem,0.6,13.0,152.0,65,98,63,40,73,96
10155,necrozma-dusk,3.8,460.0,340.0,97,157,127,113,109,77
10156,necrozma-dawn,4.2,350.0,340.0,97,113,109,157,127,77
10157,necrozma-ultra,7.5,230.0,339.0,97,167,97,167,97,129
10158,pikachu-starter,0.4,6.0,86.0,45,80,50,75,60,120
10159,eevee-starter,0.3,6.5,87.0,65,75,70,65,85,75
10160,pikachu-world-cap,0.4,6.0,112.0,35,55,40,50,50,90
10161,meowth-galar,0.4,7.5,58.0,50,65,55,40,40,40
10162,ponyta-galar,0.8,24.0,82.0,50,85,55,65,65,90
10163,rapidash-galar,1.7,80.0,175.0,65,100,70,80,80,105
10164,slowpoke-galar,1.2,36.0,63.0,90,65,65,40,40,15
10165,slowbro-galar,1.6,70.5,172.0,95,100,95,100,70,30
10166,farfetchd-galar,0.8,42.0,132.0,52,95,55,58,62,55
10167,weezing-galar,3.0,16.0,172.0,65,90,120,85,70,60
10168,mr-mime-galar,1.4,56.8,161.0,50,65,65,90,90,100
10169,articuno-galar,1.7,50.9,290.0,90,85,85,125,100,95
10170,zapdos-galar,1.6,58.2,290.0,90,125,90,85,90,100
10171,moltres-galar,2.0,66.0,290.0,90,85,90,100,125,90
10172,slowking-galar,1.8,79.5,172.0,95,65,80,110,110,30
10173,corsola-galar,0.6,0.5,144.0,60,55,100,65,100,30
10174,zigzagoon-galar,0.4,17.5,56.0,38,30,41,30,41,60
10175,linoone-galar,0.5,32.5,147.0,78,70,61,50,61,100
10176,darumaka-galar,0.7,40.0,63.0,70,90,45,15,45,50
10177,darmanitan-galar-standard,1.7,120.0,168.0,105,140,55,30,55,95
10178,darmanitan-galar-zen,1.7,120.0,189.0,105,160,55,30,55,135
10179,yamask-galar,0.5,1.5,61.0,38,55,85,30,65,30
10180,stunfisk-galar,0.7,20.5,165.0,109,81,99,66,84,32
10181,zygarde-10,1.2,33.5,243.0,54,100,71,61,85,115
10182,cramorant-gulping,0.8,18.0,166.0,70,85,55,85,95,85
10183,cramorant-gorging,0.8,18.0,166.0,70,85,55,85,95,85
10184,toxtricity-low-key,1.6,40.0,176.0,75,98,70,114,70,75
10185,eiscue-noice,1.4,89.0,165.0,75,80,70,65,50,130
10186,indeedee-female,0.9,28.0,166.0,70,55,65,95,105,85
10187,morpeko-hangry,0.3,3.0,153.0,58,95,58,70,58,97
10188,zacian-crowned,2.8,355.0,360.0,92,150,115,80,115,148
10189,zamazenta-crowned,2.9,785.0,360.0,92,120,140,80,140,128
10190,eternatus-eternamax,100.0,0.0,563.0,255,115,250,125,250,130
10191,urshifu-rapid-strike,1.9,105.0,275.0,100,130,100,63,60,97
10192,zarude-dada,1.8,70.0,300.0,105,120,105,70,95,105
10193,calyrex-ice,2.4,809.1,340.0,100,165,150,85,130,50
10194,calyrex-shadow,2.4,53.6,340.0,100,85,80,165,100,150
10195,venusaur-gmax,24.0,1000.0,236.0,80,82,83,100,100,80
10196,charizard-gmax,28.0,1000.0,240.0,78,84,78,109,85,100
10197,blastoise-gmax,25.0,1000.0,239.0,79,83,100,85,105,78
10198,butterfree-gmax,17.0,1000.0,178.0,60,45,50,90,80,70
10199,pikachu-gmax,21.0,1000.0,112.0,35,55,40,50,50,90
10200,meowth-gmax,33.0,1000.0,58.0,40,45,35,40,40,90
10201,machamp-gmax,25.0,1000.0,227.0,90,130,80,65,85,55
10202,gengar-gmax,20.0,1000.0,225.0,60,65,60,130,75,110
10203,kingler-gmax,19.0,1000.0,166.0,55,130,115,50,50,75
10204,lapras-gmax,24.0,1000.0,187.0,130,85,80,85,95,60
10205,eevee-gmax,18.0,1000.0,65.0,55,55,50,45,65,55
10206,snorlax-gmax,35.0,1000.0,189.0,160,110,65,65,110,30
10207,garbodor-gmax,21.0,1000.0,166.0,80,95,82,60,82,75
10208,melmetal-gmax,25.0,1000.0,270.0,135,143,143,80,65,34
10209,rillaboom-gmax,28.0,1000.0,265.0,100,125,90,60,70,85
10210,cinderace-gmax,27.0,1000.0,265.0,80,116,75,65,75,119
10211,inteleon-gmax,40.0,1000.0,265.0,70,85,65,125,65,120
10212,corviknight-gmax,14.0,1000.0,248.0,98,87,105,53,85,67
10213,orbeetle-gmax,14.0,1000.0,253.0,60,45,110,80,120,90
10214,drednaw-gmax,24.0,1000.0,170.0,90,115,90,48,68,74
10215,coalossal-gmax,42.0,1000.0,255.0,110,80,120,80,90,30
10216,flapple-gmax,24.0,1000.0,170.0,70,110,80,95,60,70
10217,appletun-gmax,24.0,1000.0,170.0,110,85,80,100,80,30
10218,sandaconda-gmax,22.0,1000.0,179.0,72,107,125,65,70,71
10219,toxtricity-amped-gmax,24.0,1000.0,176.0,75,98,70,114,70,75
10220,centiskorch-gmax,75.0,1000.0,184.0,100,115,65,90,90,65
10221,hatterene-gmax,26.0,1000.0,255.0,57,90,95,136,103,29
10222,grimmsnarl-gmax,32.0,1000.0,255.0,95,120,65,95,75,60
10223,alcremie-gmax,30.0,1000.0,173.0,65,60,75,110,121,64
10224,copperajah-gmax,23.0,1000.0,175.0,122,130,69,80,69,30
10225,duraludon-gmax,43.0,1000.0,187.0,70,95,115,120,50,85
10226,urshifu-single-strike-gmax,29.0,1000.0,275.0,100,130,100,63,60,97
10227,urshifu-rapid-strike-gmax,26.0,1000.0,275.0,100,130,100,63,60,97
10228,toxtricity-low-key-gmax,24.0,1000.0,176.0,75,98,70,114,70,75
10229,growlithe-hisui,0.8,22.7,70.0,60,75,45,65,50,55
10230,arcanine-hisui,2.0,168.0,194.0,95,115,80,95,80,90
10231,voltorb-hisui,0.5,13.0,66.0,40,30,50,55,55,100
10232,electrode-hisui,1.2,71.0,172.0,60,50,70,80,80,150
10233,typhlosion-hisui,1.6,69.8,240.0,73,84,78,119,85,95
10234,qwilfish-hisui,0.5,3.9,88.0,65,95,85,55,55,85
10235,sneasel-hisui,0.9,27.0,86.0,55,95,55,35,75,115
10236,samurott-hisui,1.5,58.2,238.0,90,108,80,100,65,85
10237,lilligant-hisui,1.2,19.2,168.0,70,105,75,50,75,105
10238,zorua-hisui,0.7,12.5,66.0,35,60,40,85,40,70
10239,zoroark-hisui,1.6,73.0,179.0,55,100,60,125,60,110
10240,braviary-hisui,1.7,43.4,179.0,110,83,70,112,70,65
10241,sliggoo-hisui,0.7,68.5,158.0,58,75,83,83,113,40
10242,goodra-hisui,1.7,334.1,270.0,80,100,100,110,150,60
10243,avalugg-hisui,1.4,262.4,180.0,95,127,184,34,36,38
10244,decidueye-hisui,1.6,37.0,239.0,88,112,80,95,95,60
10245,dialga-origin,7.0,848.7,306.0,100,100,120,150,120,90
10246,palkia-origin,6.3,659.0,306.0,90,100,100,150,120,120
10247,basculin-white-striped,1.0,18.0,161.0,70,92,65,80,55,98
10248,basculegion-female,3.0,110.0,265.0,120,92,65,100,75,78
10249,enamorus-therian,1.6,48.0,116.0,74,115,110,135,100,46
10250,tauros-paldea-combat-breed,1.4,115.0,172.0,75,110,105,30,70,100
10251,tauros-paldea-blaze-breed,1.4,85.0,172.0,75,110,105,30,70,100
10252,tauros-paldea-aqua-breed,1.4,110.0,172.0,75,110,105,30,70,100
10253,wooper-paldea,0.4,11.0,42.0,55,45,45,25,25,15
10254,oinkologne-female,1.0,120.0,171.0,115,90,70,59,90,65
10255,dudunsparce-three-segment,4.5,47.4,182.0,125,100,80,85,75,55
10256,palafin-hero,1.8,97.4,160.0,100,160,97,106,87,100
10257,maushold-family-of-three,0.3,2.3,165.0,74,75,70,65,75,111
10258,tatsugiri-droopy,0.3,8.0,166.0,68,50,60,120,95,82
10259,tatsugiri-stretchy,0.3,8.0,166.0,68,50,60,120,95,82
10260,squawkabilly-blue-plumage,0.6,2.4,146.0,82,96,51,45,51,92
10261,squawkabilly-yellow-plumage,0.6,2.4,146.0,82,96,51,45,51,92
10262,squawkabilly-white-plumage,0.6,2.4,146.0,82,96,51,45,51,92
10263,gimmighoul-roaming,0.1,1.0,60.0,45,30,25,75,45,80
10264,koraidon-limited-build,3.5,303.0,335.0,100,135,115,85,100,135
10265,koraidon-sprinting-build,3.5,303.0,335.0,100,135,115,85,100,135
10266,koraidon-swimming-build,3.5,303.0,335.0,100,135,115,85,100,135
10267,koraidon-gliding-build,3.5,303.0,335.0,100,135,115,85,100,135
10268,miraidon-low-power-mode,2.8,240.0,335.0,100,85,100,135,115,135
10269,miraidon-drive-mode,2.8,240.0,335.0,100,85,100,135,115,135
10270,miraidon-aquatic-mode,2.8,240.0,335.0,100,85,100,135,115,135
10271,miraidon-glide-mode,2.8,240.0,335.0,100,85,100,135,115,135
10272,ursaluna-bloodmoon,2.4,290.0,275.0,113,70,120,135,65,52
10273,ogerpon-wellspring-mask,1.2,39.8,275.0,80,120,84,60,96,110
10274,ogerpon-hearthflame-mask,1.2,39.8,275.0,80,120,84,60,96,110
10275,ogerpon-cornerstone-mask,1.2,39.8,275.0,80,120,84,60,96,110
10276,terapagos-terastal,0.3,16.0,90.0,95,95,110,105,110,85
10277,terapagos-stellar,1.7,77.0,90.0,160,105,110,130,110,85
10278,clefable-mega,1.7,42.3,,95,80,93,135,110,70
10279,victreebel-mega,4.5,125.5,,80,125,85,135,95,70
10280,starmie-mega,2.3,80.0,,60,100,105,130,105,120
10281,dragonite-mega,2.2,290.0,,91,124,115,145,125,100
10282,meganium-mega,2.4,201.0,,80,92,115,143,115,80
10283,feraligatr-mega,2.3,108.8,,85,160,125,89,93,78
10284,skarmory-mega,1.7,40.4,,65,140,110,40,100,110
10285,froslass-mega,2.6,29.6,,70,80,70,140,100,120
10286,emboar-mega,1.8,180.3,,110,148,75,110,110,75
10287,excadrill-mega,0.9,60.0,,110,165,100,65,65,103
10288,scolipede-mega,3.2,230.5,,60,140,149,75,99,62
10289,scrafty-mega,1.1,31.0,,65,130,135,55,135,68
10290,eelektross-mega,3.0,180.0,,85,145,80,135,90,80
10291,chandelure-mega,2.5,69.6,,60,75,110,175,110,90
10292,chesnaught-mega,1.6,90.0,,88,137,172,74,115,44
10293,delphox-mega,1.5,39.0,,75,69,72,159,125,134
10294,greninja-mega,1.5,40.0,,72,125,77,133,81,142
10295,pyroar-mega,1.5,93.3,,86,88,92,129,86,126
10296,floette-mega,0.2,100.8,,74,85,87,155,148,102
10297,malamar-mega,2.9,69.8,,86,102,88,98,120,88
10298,barbaracle-mega,2.2,100.0,,72,140,130,64,106,88
10299,dragalge-mega,2.1,100.3,,65,85,105,132,163,44
10300,hawlucha-mega,1.0,25.0,,78,137,100,74,93,118
10301,zygarde-mega,7.7,610.0,,216,70,91,216,85,100
10302,drampa-mega,3.0,240.5,,78,85,110,160,116,36
10303,falinks-mega,1.6,99.0,,65,135,135,70,65,100
10304,raichu-mega-x,1.2,38.0,,60,135,95,90,95,110
10305,raichu-mega-y,1.0,26.0,,60,100,55,160,80,130
10306,chimecho-mega,1.2,8.0,,75,50,110,135,120,65
10307,absol-mega-z,1.2,49.0,,65,154,60,75,60,151
10308,staraptor-mega,1.9,50.0,,85,140,100,60,90,110
10309,garchomp-mega-z,1.9,99.0,,108,130,85,141,85,151
10310,lucario-mega-z,1.3,49.4,,70,100,70,164,70,151
10311,heatran-mega,2.8,570.0,,91,120,106,175,141,67
10312,darkrai-mega,3.0,240.0,,70,120,130,165,130,85
10313,golurk-mega,4.0,330.0,,89,159,105,70,105,55
10314,meowstic-male-mega,0.8,10.1,,74,48,76,143,101,124
10315,crabominable-mega,2.6,252.8,,97,157,122,62,107,33
10316,golisopod-mega,2.3,148.0,,75,150,175,70,120,40
10317,magearna-mega,1.3,248.1,,80,125,115,170,115,95
10318,magearna-original-mega,1.3,248.1,,80,125,115,170,115,95
10319,zeraora-mega,1.5,44.5,,88,157,75,147,80,153
10320,scovillain-mega,1.2,22.0,,65,138,85,138,85,75
10321,glimmora-mega,2.8,77.0,,83,90,105,150,96,101
10322,tatsugiri-curly-mega,0.6,24.0,,68,65,90,135,125,92
10323,tatsugiri-droopy-mega,0.6,24.0,,68,65,90,135,125,92
10324,tatsugiri-stretchy-mega,0.6,24.0,,68,65,90,135,125,92
10325,baxcalibur-mega,2.1,315.0,,115,175,117,105,101,87
10326,meowstic-female-mega,0.8,10.1,,74,48,76,143,101,124
