pokemon_id,ability_name,slot,is_hidden
1,overgrow,1,False
1,chlorophyll,3,True
2,overgrow,1,False
2,chlorophyll,3,True
3,overgrow,1,False
3,chlorophyll,3,True
4,blaze,1,False
4,solar-power,3,True
5,blaze,1,False
5,solar-power,3,True
6,blaze,1,False
6,solar-power,3,True
7,torrent,1,False
7,rain-dish,3,True
8,torrent,1,False
8,rain-dish,3,True
9,torrent,1,False
9,rain-dish,3,True
10,shield-dust,1,False
10,run-away,3,True
11,shed-skin,1,False
12,compound-eyes,1,False
12,tinted-lens,3,True
13,shield-dust,1,False
13,run-away,3,True
14,shed-skin,1,False
15,swarm,1,False
15,sniper,3,True
16,keen-eye,1,False
16,tangled-feet,2,False
16,big-pecks,3,True
17,keen-eye,1,False
17,tangled-feet,2,False
17,big-pecks,3,True
18,keen-eye,1,False
18,tangled-feet,2,False
18,big-pecks,3,True
19,run-away,1,False
19,guts,2,False
19,hustle,3,True
20,run-away,1,False
20,guts,2,False
20,hustle,3,True
21,keen-eye,1,False
21,sniper,3,True
22,keen-eye,1,False
22,sniper,3,True
23,intimidate,1,False
23,shed-skin,2,False
23,unnerve,3,True
24,intimidate,1,False
24,shed-skin,2,False
24,unnerve,3,True
25,static,1,False
25,lightning-rod,3,True
26,static,1,False
26,lightning-rod,3,True
27,sand-veil,1,False
27,sand-rush,3,True
28,sand-veil,1,False
28,sand-rush,3,True
29,poison-point,1,False
29,rivalry,2,False
29,hustle,3,True
30,poison-point,1,False
30,rivalry,2,False
30,hustle,3,True
31,poison-point,1,False
31,rivalry,2,False
31,sheer-force,3,True
32,poison-point,1,False
32,rivalry,2,False
32,hustle,3,True
33,poison-point,1,False
33,rivalry,2,False
33,hustle,3,True
34,poison-point,1,False
34,rivalry,2,False
34,sheer-force,3,True
35,cute-charm,1,False
35,magic-guard,2,False
35,friend-guard,3,True
36,cute-charm,1,False
36,magic-guard,2,False
36,unaware,3,True
37,flash-fire,1,False
37,drought,3,True
38,flash-fire,1,False
38,drought,3,True
39,cute-charm,1,False
39,competitive,2,False
39,friend-guard,3,True
40,cute-charm,1,False
40,competitive,2,False
40,frisk,3,True
41,inner-focus,1,False
41,infiltrator,3,True
42,inner-focus,1,False
42,infiltrator,3,True
43,chlorophyll,1,False
43,run-away,3,True
44,chlorophyll,1,False
44,stench,3,True
45,chlorophyll,1,False
45,effect-spore,3,True
46,effect-spore,1,False
46,dry-skin,2,False
46,damp,3,True
47,effect-spore,1,False
47,dry-skin,2,False
47,damp,3,True
48,compound-eyes,1,False
48,tinted-lens,2,False
48,run-away,3,True
49,shield-dust,1,False
49,tinted-lens,2,False
49,wonder-skin,3,True
50,sand-veil,1,False
50,arena-trap,2,False
50,sand-force,3,True
51,sand-veil,1,False
51,arena-trap,2,False
51,sand-force,3,True
52,pickup,1,False
52,technician,2,False
52,unnerve,3,True
53,limber,1,False
53,technician,2,False
53,unnerve,3,True
54,damp,1,False
54,cloud-nine,2,False
54,swift-swim,3,True
55,damp,1,False
55,cloud-nine,2,False
55,swift-swim,3,True
56,vital-spirit,1,False
56,anger-point,2,False
56,defiant,3,True
57,vital-spirit,1,False
57,anger-point,2,False
57,defiant,3,True
58,intimidate,1,False
58,flash-fire,2,False
58,justified,3,True
59,intimidate,1,False
59,flash-fire,2,False
59,justified,3,True
60,water-absorb,1,False
60,damp,2,False
60,swift-swim,3,True
61,water-absorb,1,False
61,damp,2,False
61,swift-swim,3,True
62,water-absorb,1,False
62,damp,2,False
62,swift-swim,3,True
63,synchronize,1,False
63,inner-focus,2,False
63,magic-guard,3,True
64,synchronize,1,False
64,inner-focus,2,False
64,magic-guard,3,True
65,synchronize,1,False
65,inner-focus,2,False
65,magic-guard,3,True
66,guts,1,False
66,no-guard,2,False
66,steadfast,3,True
67,guts,1,False
67,no-guard,2,False
67,steadfast,3,True
68,guts,1,False
68,no-guard,2,False
68,steadfast,3,True
69,chlorophyll,1,False
69,gluttony,3,True
70,chlorophyll,1,False
70,gluttony,3,True
71,chlorophyll,1,False
71,gluttony,3,True
72,clear-body,1,False
72,liquid-ooze,2,False
72,rain-dish,3,True
73,clear-body,1,False
73,liquid-ooze,2,False
73,rain-dish,3,True
74,rock-head,1,False
74,sturdy,2,False
74,sand-veil,3,True
75,rock-head,1,False
75,sturdy,2,False
75,sand-veil,3,True
76,rock-head,1,False
76,sturdy,2,False
76,sand-veil,3,True
77,run-away,1,False
77,flash-fire,2,False
77,flame-body,3,True
78,run-away,1,False
78,flash-fire,2,False
78,flame-body,3,True
79,oblivious,1,False
79,own-tempo,2,False
79,regenerator,3,True
80,oblivious,1,False
80,own-tempo,2,False
80,regenerator,3,True
81,magnet-pull,1,False
81,sturdy,2,False
81,analytic,3,True
82,magnet-pull,1,False
82,sturdy,2,False
82,analytic,3,True
83,keen-eye,1,False
83,inner-focus,2,False
83,defiant,3,True
84,run-away,1,False
84,early-bird,2,False
84,tangled-feet,3,True
85,run-away,1,False
85,early-bird,2,False
85,tangled-feet,3,True
86,thick-fat,1,False
86,hydration,2,False
86,ice-body,3,True
87,thick-fat,1,False
87,hydration,2,False
87,ice-body,3,True
88,stench,1,False
88,sticky-hold,2,False
88,poison-touch,3,True
89,stench,1,False
89,sticky-hold,2,False
89,poison-touch,3,True
90,shell-armor,1,False
90,skill-link,2,False
90,overcoat,3,True
91,shell-armor,1,False
91,skill-link,2,False
91,overcoat,3,True
92,levitate,1,False
93,levitate,1,False
94,cursed-body,1,False
95,rock-head,1,False
95,sturdy,2,False
95,weak-armor,3,True
96,insomnia,1,False
96,forewarn,2,False
96,inner-focus,3,True
97,insomnia,1,False
97,forewarn,2,False
97,inner-focus,3,True
98,hyper-cutter,1,False
98,shell-armor,2,False
98,sheer-force,3,True
99,hyper-cutter,1,False
99,shell-armor,2,False
99,sheer-force,3,True
100,soundproof,1,False
100,static,2,False
100,aftermath,3,True
101,soundproof,1,False
101,static,2,False
101,aftermath,3,True
102,chlorophyll,1,False
102,harvest,3,True
103,chlorophyll,1,False
103,harvest,3,True
104,rock-head,1,False
104,lightning-rod,2,False
104,battle-armor,3,True
105,rock-head,1,False
105,lightning-rod,2,False
105,battle-armor,3,True
106,limber,1,False
106,reckless,2,False
106,unburden,3,True
107,keen-eye,1,False
107,iron-fist,2,False
107,inner-focus,3,True
108,own-tempo,1,False
108,oblivious,2,False
108,cloud-nine,3,True
109,levitate,1,False
109,neutralizing-gas,2,False
109,stench,3,True
110,levitate,1,False
110,neutralizing-gas,2,False
110,stench,3,True
111,lightning-rod,1,False
111,rock-head,2,False
111,reckless,3,True
112,lightning-rod,1,False
112,rock-head,2,False
112,reckless,3,True
113,natural-cure,1,False
113,serene-grace,2,False
113,healer,3,True
114,chlorophyll,1,False
114,leaf-guard,2,False
114,regenerator,3,True
115,early-bird,1,False
115,scrappy,2,False
115,inner-focus,3,True
116,swift-swim,1,False
116,sniper,2,False
116,damp,3,True
117,poison-point,1,False
117,sniper,2,False
117,damp,3,True
118,swift-swim,1,False
118,water-veil,2,False
118,lightning-rod,3,True
119,swift-swim,1,False
119,water-veil,2,False
119,lightning-rod,3,True
120,illuminate,1,False
120,natural-cure,2,False
120,analytic,3,True
121,illuminate,1,False
121,natural-cure,2,False
121,analytic,3,True
122,soundproof,1,False
122,filter,2,False
122,technician,3,True
123,swarm,1,False
123,technician,2,False
123,steadfast,3,True
124,oblivious,1,False
124,forewarn,2,False
124,dry-skin,3,True
125,static,1,False
125,vital-spirit,3,True
126,flame-body,1,False
126,vital-spirit,3,True
127,hyper-cutter,1,False
127,mold-breaker,2,False
127,moxie,3,True
128,intimidate,1,False
128,anger-point,2,False
128,sheer-force,3,True
129,swift-swim,1,False
129,rattled,3,True
130,intimidate,1,False
130,moxie,3,True
131,water-absorb,1,False
131,shell-armor,2,False
131,hydration,3,True
132,limber,1,False
132,imposter,3,True
133,run-away,1,False
133,adaptability,2,False
133,anticipation,3,True
134,water-absorb,1,False
134,hydration,3,True
135,volt-absorb,1,False
135,quick-feet,3,True
136,flash-fire,1,False
136,guts,3,True
137,trace,1,False
137,download,2,False
137,analytic,3,True
138,swift-swim,1,False
138,shell-armor,2,False
138,weak-armor,3,True
139,swift-swim,1,False
139,shell-armor,2,False
139,weak-armor,3,True
140,swift-swim,1,False
140,battle-armor,2,False
140,weak-armor,3,True
141,swift-swim,1,False
141,battle-armor,2,False
141,weak-armor,3,True
142,rock-head,1,False
142,pressure,2,False
142,unnerve,3,True
143,immunity,1,False
143,thick-fat,2,False
143,gluttony,3,True
144,pressure,1,False
144,snow-cloak,3,True
145,pressure,1,False
145,static,3,True
146,pressure,1,False
146,flame-body,3,True
147,shed-skin,1,False
147,marvel-scale,3,True
148,shed-skin,1,False
148,marvel-scale,3,True
149,inner-focus,1,False
149,multiscale,3,True
150,pressure,1,False
150,unnerve,3,True
151,synchronize,1,False
152,overgrow,1,False
152,leaf-guard,3,True
153,overgrow,1,False
153,leaf-guard,3,True
154,overgrow,1,False
154,leaf-guard,3,True
155,blaze,1,False
155,flash-fire,3,True
156,blaze,1,False
156,flash-fire,3,True
157,blaze,1,False
157,flash-fire,3,True
158,torrent,1,False
158,sheer-force,3,True
159,torrent,1,False
159,sheer-force,3,True
160,torrent,1,False
160,sheer-force,3,True
161,run-away,1,False
161,keen-eye,2,False
161,frisk,3,True
162,run-away,1,False
162,keen-eye,2,False
162,frisk,3,True
163,insomnia,1,False
163,keen-eye,2,False
163,tinted-lens,3,True
164,insomnia,1,False
164,keen-eye,2,False
164,tinted-lens,3,True
165,swarm,1,False
165,early-bird,2,False
165,rattled,3,True
166,swarm,1,False
166,early-bird,2,False
166,iron-fist,3,True
167,swarm,1,False
167,insomnia,2,False
167,sniper,3,True
168,swarm,1,False
168,insomnia,2,False
168,sniper,3,True
169,inner-focus,1,False
169,infiltrator,3,True
170,volt-absorb,1,False
170,illuminate,2,False
170,water-absorb,3,True
171,volt-absorb,1,False
171,illuminate,2,False
171,water-absorb,3,True
172,static,1,False
172,lightning-rod,3,True
173,cute-charm,1,False
173,magic-guard,2,False
173,friend-guard,3,True
174,cute-charm,1,False
174,competitive,2,False
174,friend-guard,3,True
175,hustle,1,False
175,serene-grace,2,False
175,super-luck,3,True
176,hustle,1,False
176,serene-grace,2,False
176,super-luck,3,True
177,synchronize,1,False
177,early-bird,2,False
177,magic-bounce,3,True
178,synchronize,1,False
178,early-bird,2,False
178,magic-bounce,3,True
179,static,1,False
179,plus,3,True
180,static,1,False
180,plus,3,True
181,static,1,False
181,plus,3,True
182,chlorophyll,1,False
182,healer,3,True
183,thick-fat,1,False
183,huge-power,2,False
183,sap-sipper,3,True
184,thick-fat,1,False
184,huge-power,2,False
184,sap-sipper,3,True
185,sturdy,1,False
185,rock-head,2,False
185,rattled,3,True
186,water-absorb,1,False
186,damp,2,False
186,drizzle,3,True
187,chlorophyll,1,False
187,leaf-guard,2,False
187,infiltrator,3,True
188,chlorophyll,1,False
188,leaf-guard,2,False
188,infiltrator,3,True
189,chlorophyll,1,False
189,leaf-guard,2,False
189,infiltrator,3,True
190,run-away,1,False
190,pickup,2,False
190,skill-link,3,True
191,chlorophyll,1,False
191,solar-power,2,False
191,early-bird,3,True
192,chlorophyll,1,False
192,solar-power,2,False
192,early-bird,3,True
193,speed-boost,1,False
193,compound-eyes,2,False
193,frisk,3,True
194,damp,1,False
194,water-absorb,2,False
194,unaware,3,True
195,damp,1,False
195,water-absorb,2,False
195,unaware,3,True
196,synchronize,1,False
196,magic-bounce,3,True
197,synchronize,1,False
197,inner-focus,3,True
198,insomnia,1,False
198,super-luck,2,False
198,prankster,3,True
199,oblivious,1,False
199,own-tempo,2,False
199,regenerator,3,True
200,levitate,1,False
201,levitate,1,False
202,shadow-tag,1,False
202,telepathy,3,True
203,inner-focus,1,False
203,early-bird,2,False
203,sap-sipper,3,True
204,sturdy,1,False
204,overcoat,3,True
205,sturdy,1,False
205,overcoat,3,True
206,serene-grace,1,False
206,run-away,2,False
206,rattled,3,True
207,hyper-cutter,1,False
207,sand-veil,2,False
207,immunity,3,True
208,rock-head,1,False
208,sturdy,2,False
208,sheer-force,3,True
209,intimidate,1,False
209,run-away,2,False
209,rattled,3,True
210,intimidate,1,False
210,quick-feet,2,False
210,rattled,3,True
211,poison-point,1,False
211,swift-swim,2,False
211,intimidate,3,True
212,swarm,1,False
212,technician,2,False
212,light-metal,3,True
213,sturdy,1,False
213,gluttony,2,False
213,contrary,3,True
214,swarm,1,False
214,guts,2,False
214,moxie,3,True
215,inner-focus,1,False
215,keen-eye,2,False
215,pickpocket,3,True
216,pickup,1,False
216,quick-feet,2,False
216,honey-gather,3,True
217,guts,1,False
217,quick-feet,2,False
217,unnerve,3,True
218,magma-armor,1,False
218,flame-body,2,False
218,weak-armor,3,True
219,magma-armor,1,False
219,flame-body,2,False
219,weak-armor,3,True
220,oblivious,1,False
220,snow-cloak,2,False
220,thick-fat,3,True
221,oblivious,1,False
221,snow-cloak,2,False
221,thick-fat,3,True
222,hustle,1,False
222,natural-cure,2,False
222,regenerator,3,True
223,hustle,1,False
223,sniper,2,False
223,moody,3,True
224,suction-cups,1,False
224,sniper,2,False
224,moody,3,True
225,vital-spirit,1,False
225,hustle,2,False
225,insomnia,3,True
226,swift-swim,1,False
226,water-absorb,2,False
226,water-veil,3,True
227,keen-eye,1,False
227,sturdy,2,False
227,weak-armor,3,True
228,early-bird,1,False
228,flash-fire,2,False
228,unnerve,3,True
229,early-bird,1,False
229,flash-fire,2,False
229,unnerve,3,True
230,swift-swim,1,False
230,sniper,2,False
230,damp,3,True
231,pickup,1,False
231,sand-veil,3,True
232,sturdy,1,False
232,sand-veil,3,True
233,trace,1,False
233,download,2,False
233,analytic,3,True
234,intimidate,1,False
234,frisk,2,False
234,sap-sipper,3,True
235,own-tempo,1,False
235,technician,2,False
235,moody,3,True
236,guts,1,False
236,steadfast,2,False
236,vital-spirit,3,True
237,intimidate,1,False
237,technician,2,False
237,steadfast,3,True
238,oblivious,1,False
238,forewarn,2,False
238,hydration,3,True
239,static,1,False
239,vital-spirit,3,True
240,flame-body,1,False
240,vital-spirit,3,True
241,thick-fat,1,False
241,scrappy,2,False
241,sap-sipper,3,True
242,natural-cure,1,False
242,serene-grace,2,False
242,healer,3,True
243,pressure,1,False
243,inner-focus,3,True
244,pressure,1,False
244,inner-focus,3,True
245,pressure,1,False
245,inner-focus,3,True
246,guts,1,False
246,sand-veil,3,True
247,shed-skin,1,False
248,sand-stream,1,False
248,unnerve,3,True
249,pressure,1,False
249,multiscale,3,True
250,pressure,1,False
250,regenerator,3,True
251,natural-cure,1,False
252,overgrow,1,False
252,unburden,3,True
253,overgrow,1,False
253,unburden,3,True
254,overgrow,1,False
254,unburden,3,True
255,blaze,1,False
255,speed-boost,3,True
256,blaze,1,False
256,speed-boost,3,True
257,blaze,1,False
257,speed-boost,3,True
258,torrent,1,False
258,damp,3,True
259,torrent,1,False
259,damp,3,True
260,torrent,1,False
260,damp,3,True
261,run-away,1,False
261,quick-feet,2,False
261,rattled,3,True
262,intimidate,1,False
262,quick-feet,2,False
262,moxie,3,True
263,pickup,1,False
263,gluttony,2,False
263,quick-feet,3,True
264,pickup,1,False
264,gluttony,2,False
264,quick-feet,3,True
265,shield-dust,1,False
265,run-away,3,True
266,shed-skin,1,False
267,swarm,1,False
267,rivalry,3,True
268,shed-skin,1,False
269,shield-dust,1,False
269,compound-eyes,3,True
270,swift-swim,1,False
270,rain-dish,2,False
270,own-tempo,3,True
271,swift-swim,1,False
271,rain-dish,2,False
271,own-tempo,3,True
272,swift-swim,1,False
272,rain-dish,2,False
272,own-tempo,3,True
273,chlorophyll,1,False
273,early-bird,2,False
273,pickpocket,3,True
274,chlorophyll,1,False
274,early-bird,2,False
274,pickpocket,3,True
275,chlorophyll,1,False
275,wind-rider,2,False
275,pickpocket,3,True
276,guts,1,False
276,scrappy,3,True
277,guts,1,False
277,scrappy,3,True
278,keen-eye,1,False
278,hydration,2,False
278,rain-dish,3,True
279,keen-eye,1,False
279,drizzle,2,False
279,rain-dish,3,True
280,synchronize,1,False
280,trace,2,False
280,telepathy,3,True
281,synchronize,1,False
281,trace,2,False
281,telepathy,3,True
282,synchronize,1,False
282,trace,2,False
282,telepathy,3,True
283,swift-swim,1,False
283,rain-dish,3,True
284,intimidate,1,False
284,unnerve,3,True
285,effect-spore,1,False
285,poison-heal,2,False
285,quick-feet,3,True
286,effect-spore,1,False
286,poison-heal,2,False
286,technician,3,True
287,truant,1,False
288,vital-spirit,1,False
289,truant,1,False
290,compound-eyes,1,False
290,run-away,3,True
291,speed-boost,1,False
291,infiltrator,3,True
292,wonder-guard,1,False
293,soundproof,1,False
293,rattled,3,True
294,soundproof,1,False
294,scrappy,3,True
295,soundproof,1,False
295,scrappy,3,True
296,thick-fat,1,False
296,guts,2,False
296,sheer-force,3,True
297,thick-fat,1,False
297,guts,2,False
297,sheer-force,3,True
298,thick-fat,1,False
298,huge-power,2,False
298,sap-sipper,3,True
299,sturdy,1,False
299,magnet-pull,2,False
299,sand-force,3,True
300,cute-charm,1,False
300,normalize,2,False
300,wonder-skin,3,True
301,cute-charm,1,False
301,normalize,2,False
301,wonder-skin,3,True
302,keen-eye,1,False
302,stall,2,False
302,prankster,3,True
303,hyper-cutter,1,False
303,intimidate,2,False
303,sheer-force,3,True
304,sturdy,1,False
304,rock-head,2,False
304,heavy-metal,3,True
305,sturdy,1,False
305,rock-head,2,False
305,heavy-metal,3,True
306,sturdy,1,False
306,rock-head,2,False
306,heavy-metal,3,True
307,pure-power,1,False
307,telepathy,3,True
308,pure-power,1,False
308,telepathy,3,True
309,static,1,False
309,lightning-rod,2,False
309,minus,3,True
310,static,1,False
310,lightning-rod,2,False
310,minus,3,True
311,plus,1,False
311,lightning-rod,3,True
312,minus,1,False
312,volt-absorb,3,True
313,illuminate,1,False
313,swarm,2,False
313,prankster,3,True
314,oblivious,1,False
314,tinted-lens,2,False
314,prankster,3,True
315,natural-cure,1,False
315,poison-point,2,False
315,leaf-guard,3,True
316,liquid-ooze,1,False
316,sticky-hold,2,False
316,gluttony,3,True
317,liquid-ooze,1,False
317,sticky-hold,2,False
317,gluttony,3,True
318,rough-skin,1,False
318,speed-boost,3,True
319,rough-skin,1,False
319,speed-boost,3,True
320,water-veil,1,False
320,oblivious,2,False
320,pressure,3,True
321,water-veil,1,False
321,oblivious,2,False
321,pressure,3,True
322,oblivious,1,False
322,simple,2,False
322,own-tempo,3,True
323,magma-armor,1,False
323,solid-rock,2,False
323,anger-point,3,True
324,white-smoke,1,False
324,drought,2,False
324,shell-armor,3,True
325,thick-fat,1,False
325,own-tempo,2,False
325,gluttony,3,True
326,thick-fat,1,False
326,own-tempo,2,False
326,gluttony,3,True
327,own-tempo,1,False
327,tangled-feet,2,False
327,contrary,3,True
328,hyper-cutter,1,False
328,arena-trap,2,False
328,sheer-force,3,True
329,levitate,1,False
330,levitate,1,False
331,sand-veil,1,False
331,water-absorb,3,True
332,sand-veil,1,False
332,water-absorb,3,True
333,natural-cure,1,False
333,cloud-nine,3,True
334,natural-cure,1,False
334,cloud-nine,3,True
335,immunity,1,False
335,toxic-boost,3,True
336,shed-skin,1,False
336,infiltrator,3,True
337,levitate,1,False
338,levitate,1,False
339,oblivious,1,False
339,anticipation,2,False
339,hydration,3,True
340,oblivious,1,False
340,anticipation,2,False
340,hydration,3,True
341,hyper-cutter,1,False
341,shell-armor,2,False
341,adaptability,3,True
342,hyper-cutter,1,False
342,shell-armor,2,False
342,adaptability,3,True
343,levitate,1,False
344,levitate,1,False
345,suction-cups,1,False
345,storm-drain,3,True
346,suction-cups,1,False
346,storm-drain,3,True
347,battle-armor,1,False
347,swift-swim,3,True
348,battle-armor,1,False
348,swift-swim,3,True
349,swift-swim,1,False
349,oblivious,2,False
349,adaptability,3,True
350,marvel-scale,1,False
350,competitive,2,False
350,cute-charm,3,True
351,forecast,1,False
352,color-change,1,False
352,protean,3,True
353,insomnia,1,False
353,frisk,2,False
353,cursed-body,3,True
354,insomnia,1,False
354,frisk,2,False
354,cursed-body,3,True
355,levitate,1,False
355,frisk,3,True
356,pressure,1,False
356,frisk,3,True
357,chlorophyll,1,False
357,solar-power,2,False
357,harvest,3,True
358,levitate,1,False
359,pressure,1,False
359,super-luck,2,False
359,justified,3,True
360,shadow-tag,1,False
360,telepathy,3,True
361,inner-focus,1,False
361,ice-body,2,False
361,moody,3,True
362,inner-focus,1,False
362,ice-body,2,False
362,moody,3,True
363,thick-fat,1,False
363,ice-body,2,False
363,oblivious,3,True
364,thick-fat,1,False
364,ice-body,2,False
364,oblivious,3,True
365,thick-fat,1,False
365,ice-body,2,False
365,oblivious,3,True
366,shell-armor,1,False
366,rattled,3,True
367,swift-swim,1,False
367,water-veil,3,True
368,swift-swim,1,False
368,hydration,3,True
369,swift-swim,1,False
369,rock-head,2,False
369,sturdy,3,True
370,swift-swim,1,False
370,hydration,3,True
371,rock-head,1,False
371,sheer-force,3,True
372,rock-head,1,False
372,overcoat,3,True
373,intimidate,1,False
373,moxie,3,True
374,clear-body,1,False
374,light-metal,3,True
375,clear-body,1,False
375,light-metal,3,True
376,clear-body,1,False
376,light-metal,3,True
377,clear-body,1,False
377,sturdy,3,True
378,clear-body,1,False
378,ice-body,3,True
379,clear-body,1,False
379,light-metal,3,True
380,levitate,1,False
381,levitate,1,False
382,drizzle,1,False
383,drought,1,False
384,air-lock,1,False
385,serene-grace,1,False
386,pressure,1,False
387,overgrow,1,False
387,shell-armor,3,True
388,overgrow,1,False
388,shell-armor,3,True
389,overgrow,1,False
389,shell-armor,3,True
390,blaze,1,False
390,iron-fist,3,True
391,blaze,1,False
391,iron-fist,3,True
392,blaze,1,False
392,iron-fist,3,True
393,torrent,1,False
393,competitive,3,True
394,torrent,1,False
394,competitive,3,True
395,torrent,1,False
395,competitive,3,True
396,keen-eye,1,False
396,reckless,3,True
397,intimidate,1,False
397,reckless,3,True
398,intimidate,1,False
398,reckless,3,True
399,simple,1,False
399,unaware,2,False
399,moody,3,True
400,simple,1,False
400,unaware,2,False
400,moody,3,True
401,shed-skin,1,False
401,run-away,3,True
402,swarm,1,False
402,technician,3,True
403,rivalry,1,False
403,intimidate,2,False
403,guts,3,True
404,rivalry,1,False
404,intimidate,2,False
404,guts,3,True
405,rivalry,1,False
405,intimidate,2,False
405,guts,3,True
406,natural-cure,1,False
406,poison-point,2,False
406,leaf-guard,3,True
407,natural-cure,1,False
407,poison-point,2,False
407,technician,3,True
408,mold-breaker,1,False
408,sheer-force,3,True
409,mold-breaker,1,False
409,sheer-force,3,True
410,sturdy,1,False
410,soundproof,3,True
411,sturdy,1,False
411,soundproof,3,True
412,shed-skin,1,False
412,overcoat,3,True
413,anticipation,1,False
413,overcoat,3,True
414,swarm,1,False
414,tinted-lens,3,True
415,honey-gather,1,False
415,hustle,3,True
416,pressure,1,False
416,unnerve,3,True
417,run-away,1,False
417,pickup,2,False
417,volt-absorb,3,True
418,swift-swim,1,False
418,water-veil,3,True
419,swift-swim,1,False
419,water-veil,3,True
420,chlorophyll,1,False
421,flower-gift,1,False
422,sticky-hold,1,False
422,storm-drain,2,False
422,sand-force,3,True
423,sticky-hold,1,False
423,storm-drain,2,False
423,sand-force,3,True
424,technician,1,False
424,pickup,2,False
424,skill-link,3,True
425,aftermath,1,False
425,unburden,2,False
425,flare-boost,3,True
426,aftermath,1,False
426,unburden,2,False
426,flare-boost,3,True
427,run-away,1,False
427,klutz,2,False
427,limber,3,True
428,cute-charm,1,False
428,klutz,2,False
428,limber,3,True
429,levitate,1,False
430,insomnia,1,False
430,super-luck,2,False
430,moxie,3,True
431,limber,1,False
431,own-tempo,2,False
431,keen-eye,3,True
432,thick-fat,1,False
432,own-tempo,2,False
432,defiant,3,True
433,levitate,1,False
434,stench,1,False
434,aftermath,2,False
434,keen-eye,3,True
435,stench,1,False
435,aftermath,2,False
435,keen-eye,3,True
436,levitate,1,False
436,heatproof,2,False
436,heavy-metal,3,True
437,levitate,1,False
437,heatproof,2,False
437,heavy-metal,3,True
438,sturdy,1,False
438,rock-head,2,False
438,rattled,3,True
439,soundproof,1,False
439,filter,2,False
439,technician,3,True
440,natural-cure,1,False
440,serene-grace,2,False
440,friend-guard,3,True
441,keen-eye,1,False
441,tangled-feet,2,False
441,big-pecks,3,True
442,pressure,1,False
442,infiltrator,3,True
443,sand-veil,1,False
443,rough-skin,3,True
444,sand-veil,1,False
444,rough-skin,3,True
445,sand-veil,1,False
445,rough-skin,3,True
446,pickup,1,False
446,thick-fat,2,False
446,gluttony,3,True
447,steadfast,1,False
447,inner-focus,2,False
447,prankster,3,True
448,steadfast,1,False
448,inner-focus,2,False
448,justified,3,True
449,sand-stream,1,False
449,sand-force,3,True
450,sand-stream,1,False
450,sand-force,3,True
451,battle-armor,1,False
451,sniper,2,False
451,keen-eye,3,True
452,battle-armor,1,False
452,sniper,2,False
452,keen-eye,3,True
453,anticipation,1,False
453,dry-skin,2,False
453,poison-touch,3,True
454,anticipation,1,False
454,dry-skin,2,False
454,poison-touch,3,True
455,levitate,1,False
456,swift-swim,1,False
456,storm-drain,2,False
456,water-veil,3,True
457,swift-swim,1,False
457,storm-drain,2,False
457,water-veil,3,True
458,swift-swim,1,False
458,water-absorb,2,False
458,water-veil,3,True
459,snow-warning,1,False
459,soundproof,3,True
460,snow-warning,1,False
460,soundproof,3,True
461,pressure,1,False
461,pickpocket,3,True
462,magnet-pull,1,False
462,sturdy,2,False
462,analytic,3,True
463,own-tempo,1,False
463,oblivious,2,False
463,cloud-nine,3,True
464,lightning-rod,1,False
464,solid-rock,2,False
464,reckless,3,True
465,chlorophyll,1,False
465,leaf-guard,2,False
465,regenerator,3,True
466,motor-drive,1,False
466,vital-spirit,3,True
467,flame-body,1,False
467,vital-spirit,3,True
468,hustle,1,False
468,serene-grace,2,False
468,super-luck,3,True
469,speed-boost,1,False
469,tinted-lens,2,False
469,frisk,3,True
470,leaf-guard,1,False
470,chlorophyll,3,True
471,snow-cloak,1,False
471,ice-body,3,True
472,hyper-cutter,1,False
472,sand-veil,2,False
472,poison-heal,3,True
473,oblivious,1,False
473,snow-cloak,2,False
473,thick-fat,3,True
474,adaptability,1,False
474,download,2,False
474,analytic,3,True
475,steadfast,1,False
475,sharpness,2,False
475,justified,3,True
476,sturdy,1,False
476,magnet-pull,2,False
476,sand-force,3,True
477,pressure,1,False
477,frisk,3,True
478,snow-cloak,1,False
478,cursed-body,3,True
479,levitate,1,False
480,levitate,1,False
481,levitate,1,False
482,levitate,1,False
483,pressure,1,False
483,telepathy,3,True
484,pressure,1,False
484,telepathy,3,True
485,flash-fire,1,False
485,flame-body,3,True
486,slow-start,1,False
487,pressure,1,False
487,telepathy,3,True
488,levitate,1,False
489,hydration,1,False
490,hydration,1,False
491,bad-dreams,1,False
492,natural-cure,1,False
493,multitype,1,False
494,victory-star,1,False
495,overgrow,1,False
495,contrary,3,True
496,overgrow,1,False
496,contrary,3,True
497,overgrow,1,False
497,contrary,3,True
498,blaze,1,False
498,thick-fat,3,True
499,blaze,1,False
499,thick-fat,3,True
500,blaze,1,False
500,reckless,3,True
501,torrent,1,False
501,shell-armor,3,True
502,torrent,1,False
502,shell-armor,3,True
503,torrent,1,False
503,shell-armor,3,True
504,run-away,1,False
504,keen-eye,2,False
504,analytic,3,True
505,illuminate,1,False
505,keen-eye,2,False
505,analytic,3,True
506,vital-spirit,1,False
506,pickup,2,False
506,run-away,3,True
507,intimidate,1,False
507,sand-rush,2,False
507,scrappy,3,True
508,intimidate,1,False
508,sand-rush,2,False
508,scrappy,3,True
509,limber,1,False
509,unburden,2,False
509,prankster,3,True
510,limber,1,False
510,unburden,2,False
510,prankster,3,True
511,gluttony,1,False
511,overgrow,3,True
512,gluttony,1,False
512,overgrow,3,True
513,gluttony,1,False
513,blaze,3,True
514,gluttony,1,False
514,blaze,3,True
515,gluttony,1,False
515,torrent,3,True
516,gluttony,1,False
516,torrent,3,True
517,forewarn,1,False
517,synchronize,2,False
517,telepathy,3,True
518,forewarn,1,False
518,synchronize,2,False
518,telepathy,3,True
519,big-pecks,1,False
519,super-luck,2,False
519,rivalry,3,True
520,big-pecks,1,False
520,super-luck,2,False
520,rivalry,3,True
521,big-pecks,1,False
521,super-luck,2,False
521,rivalry,3,True
522,lightning-rod,1,False
522,motor-drive,2,False
522,sap-sipper,3,True
523,lightning-rod,1,False
523,motor-drive,2,False
523,sap-sipper,3,True
524,sturdy,1,False
524,weak-armor,2,False
524,sand-force,3,True
525,sturdy,1,False
525,weak-armor,2,False
525,sand-force,3,True
526,sturdy,1,False
526,sand-stream,2,False
526,sand-force,3,True
527,unaware,1,False
527,klutz,2,False
527,simple,3,True
528,unaware,1,False
528,klutz,2,False
528,simple,3,True
529,sand-rush,1,False
529,sand-force,2,False
529,mold-breaker,3,True
530,sand-rush,1,False
530,sand-force,2,False
530,mold-breaker,3,True
531,healer,1,False
531,regenerator,2,False
531,klutz,3,True
532,guts,1,False
532,sheer-force,2,False
532,iron-fist,3,True
533,guts,1,False
533,sheer-force,2,False
533,iron-fist,3,True
534,guts,1,False
534,sheer-force,2,False
534,iron-fist,3,True
535,swift-swim,1,False
535,hydration,2,False
535,water-absorb,3,True
536,swift-swim,1,False
536,hydration,2,False
536,water-absorb,3,True
537,swift-swim,1,False
537,poison-touch,2,False
537,water-absorb,3,True
538,guts,1,False
538,inner-focus,2,False
538,mold-breaker,3,True
539,sturdy,1,False
539,inner-focus,2,False
539,mold-breaker,3,True
540,swarm,1,False
540,chlorophyll,2,False
540,overcoat,3,True
541,leaf-guard,1,False
541,chlorophyll,2,False
541,overcoat,3,True
542,swarm,1,False
542,chlorophyll,2,False
542,overcoat,3,True
543,poison-point,1,False
543,swarm,2,False
543,speed-boost,3,True
544,poison-point,1,False
544,swarm,2,False
544,speed-boost,3,True
545,poison-point,1,False
545,swarm,2,False
545,speed-boost,3,True
546,prankster,1,False
546,infiltrator,2,False
546,chlorophyll,3,True
547,prankster,1,False
547,infiltrator,2,False
547,chlorophyll,3,True
548,chlorophyll,1,False
548,own-tempo,2,False
548,leaf-guard,3,True
549,chlorophyll,1,False
549,own-tempo,2,False
549,leaf-guard,3,True
550,reckless,1,False
550,adaptability,2,False
550,mold-breaker,3,True
551,intimidate,1,False
551,moxie,2,False
551,anger-point,3,True
552,intimidate,1,False
552,moxie,2,False
552,anger-point,3,True
553,intimidate,1,False
553,moxie,2,False
553,anger-point,3,True
554,hustle,1,False
554,inner-focus,3,True
555,sheer-force,1,False
555,zen-mode,3,True
556,water-absorb,1,False
556,chlorophyll,2,False
556,storm-drain,3,True
557,sturdy,1,False
557,shell-armor,2,False
557,weak-armor,3,True
558,sturdy,1,False
558,shell-armor,2,False
558,weak-armor,3,True
559,shed-skin,1,False
559,moxie,2,False
559,intimidate,3,True
560,shed-skin,1,False
560,moxie,2,False
560,intimidate,3,True
561,wonder-skin,1,False
561,magic-guard,2,False
561,tinted-lens,3,True
562,mummy,1,False
563,mummy,1,False
564,solid-rock,1,False
564,sturdy,2,False
564,swift-swim,3,True
565,solid-rock,1,False
565,sturdy,2,False
565,swift-swim,3,True
566,defeatist,1,False
567,defeatist,1,False
568,stench,1,False
568,sticky-hold,2,False
568,aftermath,3,True
569,stench,1,False
569,weak-armor,2,False
569,aftermath,3,True
570,illusion,1,False
571,illusion,1,False
572,cute-charm,1,False
572,technician,2,False
572,skill-link,3,True
573,cute-charm,1,False
573,technician,2,False
573,skill-link,3,True
574,frisk,1,False
574,competitive,2,False
574,shadow-tag,3,True
575,frisk,1,False
575,competitive,2,False
575,shadow-tag,3,True
576,frisk,1,False
576,competitive,2,False
576,shadow-tag,3,True
577,overcoat,1,False
577,magic-guard,2,False
577,regenerator,3,True
578,overcoat,1,False
578,magic-guard,2,False
578,regenerator,3,True
579,overcoat,1,False
579,magic-guard,2,False
579,regenerator,3,True
580,keen-eye,1,False
580,big-pecks,2,False
580,hydration,3,True
581,keen-eye,1,False
581,big-pecks,2,False
581,hydration,3,True
582,ice-body,1,False
582,snow-cloak,2,False
582,weak-armor,3,True
583,ice-body,1,False
583,snow-cloak,2,False
583,weak-armor,3,True
584,ice-body,1,False
584,snow-warning,2,False
584,weak-armor,3,True
585,chlorophyll,1,False
585,sap-sipper,2,False
585,serene-grace,3,True
586,chlorophyll,1,False
586,sap-sipper,2,False
586,serene-grace,3,True
587,static,1,False
587,motor-drive,3,True
588,swarm,1,False
588,shed-skin,2,False
588,no-guard,3,True
589,swarm,1,False
589,shell-armor,2,False
589,overcoat,3,True
590,effect-spore,1,False
590,regenerator,3,True
591,effect-spore,1,False
591,regenerator,3,True
592,water-absorb,1,False
592,cursed-body,2,False
592,damp,3,True
593,water-absorb,1,False
593,cursed-body,2,False
593,damp,3,True
594,healer,1,False
594,hydration,2,False
594,regenerator,3,True
595,compound-eyes,1,False
595,unnerve,2,False
595,swarm,3,True
596,compound-eyes,1,False
596,unnerve,2,False
596,swarm,3,True
597,iron-barbs,1,False
598,iron-barbs,1,False
598,anticipation,3,True
599,plus,1,False
599,minus,2,False
599,clear-body,3,True
600,plus,1,False
600,minus,2,False
600,clear-body,3,True
601,plus,1,False
601,minus,2,False
601,clear-body,3,True
602,levitate,1,False
603,levitate,1,False
604,levitate,1,False
605,telepathy,1,False
605,synchronize,2,False
605,analytic,3,True
606,telepathy,1,False
606,synchronize,2,False
606,analytic,3,True
607,flash-fire,1,False
607,flame-body,2,False
607,infiltrator,3,True
608,flash-fire,1,False
608,flame-body,2,False
608,infiltrator,3,True
609,flash-fire,1,False
609,flame-body,2,False
609,infiltrator,3,True
610,rivalry,1,False
610,mold-breaker,2,False
610,unnerve,3,True
611,rivalry,1,False
611,mold-breaker,2,False
611,unnerve,3,True
612,rivalry,1,False
612,mold-breaker,2,False
612,unnerve,3,True
613,snow-cloak,1,False
613,slush-rush,2,False
613,rattled,3,True
614,snow-cloak,1,False
614,slush-rush,2,False
614,swift-swim,3,True
615,levitate,1,False
616,hydration,1,False
616,shell-armor,2,False
616,overcoat,3,True
617,hydration,1,False
617,sticky-hold,2,False
617,unburden,3,True
618,static,1,False
618,limber,2,False
618,sand-veil,3,True
619,inner-focus,1,False
619,regenerator,2,False
619,reckless,3,True
620,inner-focus,1,False
620,regenerator,2,False
620,reckless,3,True
621,rough-skin,1,False
621,sheer-force,2,False
621,mold-breaker,3,True
622,iron-fist,1,False
622,klutz,2,False
622,no-guard,3,True
623,iron-fist,1,False
623,klutz,2,False
623,no-guard,3,True
624,defiant,1,False
624,inner-focus,2,False
624,pressure,3,True
625,defiant,1,False
625,inner-focus,2,False
625,pressure,3,True
626,reckless,1,False
626,sap-sipper,2,False
626,soundproof,3,True
627,keen-eye,1,False
627,sheer-force,2,False
627,hustle,3,True
628,keen-eye,1,False
628,sheer-force,2,False
628,defiant,3,True
629,big-pecks,1,False
629,overcoat,2,False
629,weak-armor,3,True
630,big-pecks,1,False
630,overcoat,2,False
630,weak-armor,3,True
631,gluttony,1,False
631,flash-fire,2,False
631,white-smoke,3,True
632,swarm,1,False
632,hustle,2,False
632,truant,3,True
633,hustle,1,False
634,hustle,1,False
635,levitate,1,False
636,flame-body,1,False
636,swarm,3,True
637,flame-body,1,False
637,swarm,3,True
638,justified,1,False
639,justified,1,False
640,justified,1,False
641,prankster,1,False
641,defiant,3,True
642,prankster,1,False
642,defiant,3,True
643,turboblaze,1,False
644,teravolt,1,False
645,sand-force,1,False
645,sheer-force,3,True
646,pressure,1,False
647,justified,1,False
648,serene-grace,1,False
649,download,1,False
650,overgrow,1,False
650,bulletproof,3,True
651,overgrow,1,False
651,bulletproof,3,True
652,overgrow,1,False
652,bulletproof,3,True
653,blaze,1,False
653,magician,3,True
654,blaze,1,False
654,magician,3,True
655,blaze,1,False
655,magician,3,True
656,torrent,1,False
656,protean,3,True
657,torrent,1,False
657,protean,3,True
658,torrent,1,False
658,protean,3,True
659,pickup,1,False
659,cheek-pouch,2,False
659,huge-power,3,True
660,pickup,1,False
660,cheek-pouch,2,False
660,huge-power,3,True
661,big-pecks,1,False
661,gale-wings,3,True
662,flame-body,1,False
662,gale-wings,3,True
663,flame-body,1,False
663,gale-wings,3,True
664,shield-dust,1,False
664,compound-eyes,2,False
664,friend-guard,3,True
665,shed-skin,1,False
665,friend-guard,3,True
666,shield-dust,1,False
666,compound-eyes,2,False
666,friend-guard,3,True
667,rivalry,1,False
667,unnerve,2,False
667,moxie,3,True
668,rivalry,1,False
668,unnerve,2,False
668,moxie,3,True
669,flower-veil,1,False
669,symbiosis,3,True
670,flower-veil,1,False
670,symbiosis,3,True
671,flower-veil,1,False
671,symbiosis,3,True
672,sap-sipper,1,False
672,grass-pelt,3,True
673,sap-sipper,1,False
673,grass-pelt,3,True
674,iron-fist,1,False
674,mold-breaker,2,False
674,scrappy,3,True
675,iron-fist,1,False
675,mold-breaker,2,False
675,scrappy,3,True
676,fur-coat,1,False
677,keen-eye,1,False
677,infiltrator,2,False
677,own-tempo,3,True
678,keen-eye,1,False
678,infiltrator,2,False
678,prankster,3,True
679,no-guard,1,False
680,no-guard,1,False
681,stance-change,1,False
682,healer,1,False
682,aroma-veil,3,True
683,healer,1,False
683,aroma-veil,3,True
684,sweet-veil,1,False
684,unburden,3,True
685,sweet-veil,1,False
685,unburden,3,True
686,contrary,1,False
686,suction-cups,2,False
686,infiltrator,3,True
687,contrary,1,False
687,suction-cups,2,False
687,infiltrator,3,True
688,tough-claws,1,False
688,sniper,2,False
688,pickpocket,3,True
689,tough-claws,1,False
689,sniper,2,False
689,pickpocket,3,True
690,poison-point,1,False
690,poison-touch,2,False
690,adaptability,3,True
691,poison-point,1,False
691,poison-touch,2,False
691,adaptability,3,True
692,mega-launcher,1,False
693,mega-launcher,1,False
694,dry-skin,1,False
694,sand-veil,2,False
694,solar-power,3,True
695,dry-skin,1,False
695,sand-veil,2,False
695,solar-power,3,True
696,strong-jaw,1,False
696,sturdy,3,True
697,strong-jaw,1,False
697,rock-head,3,True
698,refrigerate,1,False
698,snow-warning,3,True
699,refrigerate,1,False
699,snow-warning,3,True
700,cute-charm,1,False
700,pixilate,3,True
701,limber,1,False
701,unburden,2,False
701,mold-breaker,3,True
702,cheek-pouch,1,False
702,pickup,2,False
702,plus,3,True
703,clear-body,1,False
703,sturdy,3,True
704,sap-sipper,1,False
704,hydration,2,False
704,gooey,3,True
705,sap-sipper,1,False
705,hydration,2,False
705,gooey,3,True
706,sap-sipper,1,False
706,hydration,2,False
706,gooey,3,True
707,prankster,1,False
707,magician,3,True
708,natural-cure,1,False
708,frisk,2,False
708,harvest,3,True
709,natural-cure,1,False
709,frisk,2,False
709,harvest,3,True
710,pickup,1,False
710,frisk,2,False
710,insomnia,3,True
711,pickup,1,False
711,frisk,2,False
711,insomnia,3,True
712,own-tempo,1,False
712,ice-body,2,False
712,sturdy,3,True
713,own-tempo,1,False
713,ice-body,2,False
713,sturdy,3,True
714,frisk,1,False
714,infiltrator,2,False
714,telepathy,3,True
715,frisk,1,False
715,infiltrator,2,False
715,telepathy,3,True
716,fairy-aura,1,False
717,dark-aura,1,False
718,aura-break,1,False
719,clear-body,1,False
720,magician,1,False
721,water-absorb,1,False
722,overgrow,1,False
722,long-reach,3,True
723,overgrow,1,False
723,long-reach,3,True
724,overgrow,1,False
724,long-reach,3,True
725,blaze,1,False
725,intimidate,3,True
726,blaze,1,False
726,intimidate,3,True
727,blaze,1,False
727,intimidate,3,True
728,torrent,1,False
728,liquid-voice,3,True
729,torrent,1,False
729,liquid-voice,3,True
730,torrent,1,False
730,liquid-voice,3,True
731,keen-eye,1,False
731,skill-link,2,False
731,pickup,3,True
732,keen-eye,1,False
732,skill-link,2,False
732,pickup,3,True
733,keen-eye,1,False
733,skill-link,2,False
733,sheer-force,3,True
734,stakeout,1,False
734,strong-jaw,2,False
734,adaptability,3,True
735,stakeout,1,False
735,strong-jaw,2,False
735,adaptability,3,True
736,swarm,1,False
737,battery,1,False
738,levitate,1,False
739,hyper-cutter,1,False
739,iron-fist,2,False
739,anger-point,3,True
740,hyper-cutter,1,False
740,iron-fist,2,False
740,anger-point,3,True
741,dancer,1,False
742,honey-gather,1,False
742,shield-dust,2,False
742,sweet-veil,3,True
743,honey-gather,1,False
743,shield-dust,2,False
743,sweet-veil,3,True
744,keen-eye,1,False
744,vital-spirit,2,False
744,steadfast,3,True
745,keen-eye,1,False
745,sand-rush,2,False
745,steadfast,3,True
746,schooling,1,False
747,merciless,1,False
747,limber,2,False
747,regenerator,3,True
748,merciless,1,False
748,limber,2,False
748,regenerator,3,True
749,own-tempo,1,False
749,stamina,2,False
749,inner-focus,3,True
750,own-tempo,1,False
750,stamina,2,False
750,inner-focus,3,True
751,water-bubble,1,False
751,water-absorb,3,True
752,water-bubble,1,False
752,water-absorb,3,True
753,leaf-guard,1,False
753,contrary,3,True
754,leaf-guard,1,False
754,contrary,3,True
755,illuminate,1,False
755,effect-spore,2,False
755,rain-dish,3,True
756,illuminate,1,False
756,effect-spore,2,False
756,rain-dish,3,True
757,corrosion,1,False
757,oblivious,3,True
758,corrosion,1,False
758,oblivious,3,True
759,fluffy,1,False
759,klutz,2,False
759,cute-charm,3,True
760,fluffy,1,False
760,klutz,2,False
760,unnerve,3,True
761,leaf-guard,1,False
761,oblivious,2,False
761,sweet-veil,3,True
762,leaf-guard,1,False
762,oblivious,2,False
762,sweet-veil,3,True
763,leaf-guard,1,False
763,queenly-majesty,2,False
763,sweet-veil,3,True
764,flower-veil,1,False
764,triage,2,False
764,natural-cure,3,True
765,inner-focus,1,False
765,telepathy,2,False
765,symbiosis,3,True
766,receiver,1,False
766,defiant,3,True
767,wimp-out,1,False
768,emergency-exit,1,False
769,water-compaction,1,False
769,sand-veil,3,True
770,water-compaction,1,False
770,sand-veil,3,True
771,innards-out,1,False
771,unaware,3,True
772,battle-armor,1,False
773,rks-system,1,False
774,shields-down,1,False
775,comatose,1,False
776,shell-armor,1,False
777,iron-barbs,1,False
777,lightning-rod,2,False
777,sturdy,3,True
778,disguise,1,False
779,dazzling,1,False
779,strong-jaw,2,False
779,wonder-skin,3,True
780,berserk,1,False
780,sap-sipper,2,False
780,cloud-nine,3,True
781,steelworker,1,False
782,bulletproof,1,False
782,soundproof,2,False
782,overcoat,3,True
783,bulletproof,1,False
783,soundproof,2,False
783,overcoat,3,True
784,bulletproof,1,False
784,soundproof,2,False
784,overcoat,3,True
785,electric-surge,1,False
785,telepathy,3,True
786,psychic-surge,1,False
786,telepathy,3,True
787,grassy-surge,1,False
787,telepathy,3,True
788,misty-surge,1,False
788,telepathy,3,True
789,unaware,1,False
790,sturdy,1,False
791,full-metal-body,1,False
792,shadow-shield,1,False
793,beast-boost,1,False
794,beast-boost,1,False
795,beast-boost,1,False
796,beast-boost,1,False
797,beast-boost,1,False
798,beast-boost,1,False
799,beast-boost,1,False
800,prism-armor,1,False
801,soul-heart,1,False
802,technician,1,False
803,beast-boost,1,False
804,beast-boost,1,False
805,beast-boost,1,False
806,beast-boost,1,False
807,volt-absorb,1,False
808,magnet-pull,1,False
809,iron-fist,1,False
810,overgrow,1,False
810,grassy-surge,3,True
811,overgrow,1,False
811,grassy-surge,3,True
812,overgrow,1,False
812,grassy-surge,3,True
813,blaze,1,False
813,libero,3,True
814,blaze,1,False
814,libero,3,True
815,blaze,1,False
815,libero,3,True
816,torrent,1,False
816,sniper,3,True
817,torrent,1,False
817,sniper,3,True
818,torrent,1,False
818,sniper,3,True
819,cheek-pouch,1,False
819,gluttony,3,True
820,cheek-pouch,1,False
820,gluttony,3,True
821,keen-eye,1,False
821,unnerve,2,False
821,big-pecks,3,True
822,keen-eye,1,False
822,unnerve,2,False
822,big-pecks,3,True
823,pressure,1,False
823,unnerve,2,False
823,mirror-armor,3,True
824,swarm,1,False
824,compound-eyes,2,False
824,telepathy,3,True
825,swarm,1,False
825,compound-eyes,2,False
825,telepathy,3,True
826,swarm,1,False
826,frisk,2,False
826,telepathy,3,True
827,run-away,1,False
827,unburden,2,False
827,stakeout,3,True
828,run-away,1,False
828,unburden,2,False
828,stakeout,3,True
829,cotton-down,1,False
829,regenerator,2,False
829,effect-spore,3,True
830,cotton-down,1,False
830,regenerator,2,False
830,effect-spore,3,True
831,fluffy,1,False
831,run-away,2,False
831,bulletproof,3,True
832,fluffy,1,False
832,steadfast,2,False
832,bulletproof,3,True
833,strong-jaw,1,False
833,shell-armor,2,False
833,swift-swim,3,True
834,strong-jaw,1,False
834,shell-armor,2,False
834,swift-swim,3,True
835,ball-fetch,1,False
835,rattled,3,True
836,strong-jaw,1,False
836,competitive,3,True
837,steam-engine,1,False
837,heatproof,2,False
837,flash-fire,3,True
838,steam-engine,1,False
838,flame-body,2,False
838,flash-fire,3,True
839,steam-engine,1,False
839,flame-body,2,False
839,flash-fire,3,True
840,ripen,1,False
840,gluttony,2,False
840,bulletproof,3,True
841,ripen,1,False
841,gluttony,2,False
841,hustle,3,True
842,ripen,1,False
842,gluttony,2,False
842,thick-fat,3,True
843,sand-spit,1,False
843,shed-skin,2,False
843,sand-veil,3,True
844,sand-spit,1,False
844,shed-skin,2,False
844,sand-veil,3,True
845,gulp-missile,1,False
846,swift-swim,1,False
846,propeller-tail,3,True
847,swift-swim,1,False
847,propeller-tail,3,True
848,rattled,1,False
848,static,2,False
848,klutz,3,True
849,punk-rock,1,False
849,plus,2,False
849,technician,3,True
850,flash-fire,1,False
850,white-smoke,2,False
850,flame-body,3,True
851,flash-fire,1,False
851,white-smoke,2,False
851,flame-body,3,True
852,limber,1,False
852,technician,3,True
853,limber,1,False
853,technician,3,True
854,weak-armor,1,False
854,cursed-body,3,True
855,weak-armor,1,False
855,cursed-body,3,True
856,healer,1,False
856,anticipation,2,False
856,magic-bounce,3,True
857,healer,1,False
857,anticipation,2,False
857,magic-bounce,3,True
858,healer,1,False
858,anticipation,2,False
858,magic-bounce,3,True
859,prankster,1,False
859,frisk,2,False
859,pickpocket,3,True
860,prankster,1,False
860,frisk,2,False
860,pickpocket,3,True
861,prankster,1,False
861,frisk,2,False
861,pickpocket,3,True
862,reckless,1,False
862,guts,2,False
862,defiant,3,True
863,battle-armor,1,False
863,tough-claws,2,False
863,steely-spirit,3,True
864,weak-armor,1,False
864,perish-body,3,True
865,steadfast,1,False
865,scrappy,3,True
866,tangled-feet,1,False
866,screen-cleaner,2,False
866,ice-body,3,True
867,wandering-spirit,1,False
868,sweet-veil,1,False
868,aroma-veil,3,True
869,sweet-veil,1,False
869,aroma-veil,3,True
870,battle-armor,1,False
870,defiant,3,True
871,lightning-rod,1,False
871,electric-surge,3,True
872,shield-dust,1,False
872,ice-scales,3,True
873,shield-dust,1,False
873,ice-scales,3,True
874,power-spot,1,False
875,ice-face,1,False
876,inner-focus,1,False
876,synchronize,2,False
876,psychic-surge,3,True
877,hunger-switch,1,False
878,sheer-force,1,False
878,heavy-metal,3,True
879,sheer-force,1,False
879,heavy-metal,3,True
880,volt-absorb,1,False
880,hustle,2,False
880,sand-rush,3,True
881,volt-absorb,1,False
881,static,2,False
881,slush-rush,3,True
882,water-absorb,1,False
882,strong-jaw,2,False
882,sand-rush,3,True
883,water-absorb,1,False
883,ice-body,2,False
883,slush-rush,3,True
884,light-metal,1,False
884,heavy-metal,2,False
884,stalwart,3,True
885,clear-body,1,False
885,infiltrator,2,False
885,cursed-body,3,True
886,clear-body,1,False
886,infiltrator,2,False
886,cursed-body,3,True
887,clear-body,1,False
887,infiltrator,2,False
887,cursed-body,3,True
888,intrepid-sword,1,False
889,dauntless-shield,1,False
890,pressure,1,False
891,inner-focus,1,False
892,unseen-fist,1,False
893,leaf-guard,1,False
894,transistor,1,False
895,dragons-maw,1,False
896,chilling-neigh,1,False
897,grim-neigh,1,False
898,unnerve,1,False
899,intimidate,1,False
899,frisk,2,False
899,sap-sipper,3,True
900,swarm,1,False
900,sheer-force,2,False
900,sharpness,3,True
901,guts,1,False
901,bulletproof,2,False
901,unnerve,3,True
902,swift-swim,1,False
902,adaptability,2,False
902,mold-breaker,3,True
903,pressure,1,False
903,unburden,2,False
903,poison-touch,3,True
904,poison-point,1,False
904,swift-swim,2,False
904,intimidate,3,True
905,cute-charm,1,False
905,contrary,3,True
906,overgrow,1,False
906,protean,3,True
907,overgrow,1,False
907,protean,3,True
908,overgrow,1,False
908,protean,3,True
909,blaze,1,False
909,unaware,3,True
910,blaze,1,False
910,unaware,3,True
911,blaze,1,False
911,unaware,3,True
912,torrent,1,False
912,moxie,3,True
913,torrent,1,False
913,moxie,3,True
914,torrent,1,False
914,moxie,3,True
915,aroma-veil,1,False
915,gluttony,2,False
915,thick-fat,3,True
916,lingering-aroma,1,False
916,gluttony,2,False
916,thick-fat,3,True
917,insomnia,1,False
917,stakeout,3,True
918,insomnia,1,False
918,stakeout,3,True
919,swarm,1,False
919,tinted-lens,3,True
920,swarm,1,False
920,tinted-lens,3,True
921,static,1,False
921,natural-cure,2,False
921,iron-fist,3,True
922,volt-absorb,1,False
922,natural-cure,2,False
922,iron-fist,3,True
923,volt-absorb,1,False
923,natural-cure,2,False
923,iron-fist,3,True
924,run-away,1,False
924,pickup,2,False
924,own-tempo,3,True
925,friend-guard,1,False
925,cheek-pouch,2,False
925,technician,3,True
926,own-tempo,1,False
926,klutz,3,True
927,well-baked-body,1,False
927,aroma-veil,3,True
928,early-bird,1,False
928,harvest,3,True
929,early-bird,1,False
929,harvest,3,True
930,seed-sower,1,False
930,harvest,3,True
931,intimidate,1,False
931,hustle,2,False
931,guts,3,True
932,purifying-salt,1,False
932,sturdy,2,False
932,clear-body,3,True
933,purifying-salt,1,False
933,sturdy,2,False
933,clear-body,3,True
934,purifying-salt,1,False
934,sturdy,2,False
934,clear-body,3,True
935,flash-fire,1,False
935,flame-body,3,True
936,flash-fire,1,False
936,weak-armor,3,True
937,flash-fire,1,False
937,weak-armor,3,True
938,own-tempo,1,False
938,static,2,False
938,damp,3,True
939,electromorphosis,1,False
939,static,2,False
939,damp,3,True
940,wind-power,1,False
940,volt-absorb,2,False
940,competitive,3,True
941,wind-power,1,False
941,volt-absorb,2,False
941,competitive,3,True
942,intimidate,1,False
942,run-away,2,False
942,stakeout,3,True
943,intimidate,1,False
943,guard-dog,2,False
943,stakeout,3,True
944,unburden,1,False
944,pickpocket,2,False
944,prankster,3,True
945,unburden,1,False
945,poison-touch,2,False
945,prankster,3,True
946,wind-rider,1,False
946,infiltrator,3,True
947,wind-rider,1,False
947,infiltrator,3,True
948,mycelium-might,1,False
949,mycelium-might,1,False
950,anger-shell,1,False
950,shell-armor,2,False
950,regenerator,3,True
951,chlorophyll,1,False
951,insomnia,2,False
951,klutz,3,True
952,chlorophyll,1,False
952,insomnia,2,False
952,moody,3,True
953,compound-eyes,1,False
953,shed-skin,3,True
954,synchronize,1,False
954,telepathy,3,True
955,anticipation,1,False
955,frisk,2,False
955,speed-boost,3,True
956,opportunist,1,False
956,frisk,2,False
956,speed-boost,3,True
957,mold-breaker,1,False
957,own-tempo,2,False
957,pickpocket,3,True
958,mold-breaker,1,False
958,own-tempo,2,False
958,pickpocket,3,True
959,mold-breaker,1,False
959,own-tempo,2,False
959,pickpocket,3,True
960,gooey,1,False
960,rattled,2,False
960,sand-veil,3,True
961,gooey,1,False
961,rattled,2,False
961,sand-veil,3,True
962,big-pecks,1,False
962,keen-eye,2,False
962,rocky-payload,3,True
963,water-veil,1,False
964,zero-to-hero,1,False
965,overcoat,1,False
965,slow-start,3,True
966,overcoat,1,False
966,filter,3,True
967,shed-skin,1,False
967,regenerator,3,True
968,earth-eater,1,False
968,sand-veil,3,True
969,toxic-debris,1,False
969,corrosion,3,True
970,toxic-debris,1,False
970,corrosion,3,True
971,pickup,1,False
971,fluffy,3,True
972,sand-rush,1,False
972,fluffy,3,True
973,scrappy,1,False
973,tangled-feet,2,False
973,costar,3,True
974,thick-fat,1,False
974,snow-cloak,2,False
974,sheer-force,3,True
975,thick-fat,1,False
975,slush-rush,2,False
975,sheer-force,3,True
976,mold-breaker,1,False
976,sharpness,3,True
977,unaware,1,False
977,oblivious,2,False
977,water-veil,3,True
978,commander,1,False
978,storm-drain,3,True
979,vital-spirit,1,False
979,inner-focus,2,False
979,defiant,3,True
980,poison-point,1,False
980,water-absorb,2,False
980,unaware,3,True
981,cud-chew,1,False
981,armor-tail,2,False
981,sap-sipper,3,True
982,serene-grace,1,False
982,run-away,2,False
982,rattled,3,True
983,defiant,1,False
983,supreme-overlord,2,False
983,pressure,3,True
984,protosynthesis,1,False
985,protosynthesis,1,False
986,protosynthesis,1,False
987,protosynthesis,1,False
988,protosynthesis,1,False
989,protosynthesis,1,False
990,quark-drive,1,False
991,quark-drive,1,False
992,quark-drive,1,False
993,quark-drive,1,False
994,quark-drive,1,False
995,quark-drive,1,False
996,thermal-exchange,1,False
996,ice-body,3,True
997,thermal-exchange,1,False
997,ice-body,3,True
998,thermal-exchange,1,False
998,ice-body,3,True
999,rattled,1,False
1000,good-as-gold,1,False
1001,tablets-of-ruin,1,False
1002,sword-of-ruin,1,False
1003,vessel-of-ruin,1,False
1004,beads-of-ruin,1,False
1005,protosynthesis,1,False
1006,quark-drive,1,False
1007,orichalcum-pulse,1,False
1008,hadron-engine,1,False
1009,protosynthesis,1,False
1010,quark-drive,1,False
1011,supersweet-syrup,1,False
1011,gluttony,2,False
1011,sticky-hold,3,True
1012,hospitality,1,False
1012,heatproof,3,True
1013,hospitality,1,False
1013,heatproof,3,True
1014,toxic-chain,1,False
1014,guard-dog,3,True
1015,toxic-chain,1,False
1015,frisk,3,True
1016,toxic-chain,1,False
1016,technician,3,True
1017,defiant,1,False
1018,stamina,1,False
1018,sturdy,2,False
1018,stalwart,3,True
1019,supersweet-syrup,1,False
1019,regenerator,2,False
1019,sticky-hold,3,True
1020,protosynthesis,1,False
1021,protosynthesis,1,False
1022,quark-drive,1,False
1023,quark-drive,1,False
1024,tera-shift,1,False
1025,poison-puppeteer,1,False
10001,pressure,1,False
10002,pressure,1,False
10003,pressure,1,False
10004,anticipation,1,False
10004,overcoat,3,True
10005,anticipation,1,False
10005,overcoat,3,True
10006,serene-grace,1,False
10007,levitate,1,False
10008,levitate,1,False
10009,levitate,1,False
10010,levitate,1,False
10011,levitate,1,False
10012,levitate,1,False
10013,forecast,1,False
10014,forecast,1,False
10015,forecast,1,False
10016,rock-head,1,False
10016,adaptability,2,False
10016,mold-breaker,3,True
10017,sheer-force,1,False
10017,zen-mode,3,True
10018,serene-grace,1,False
10019,regenerator,1,False
10020,volt-absorb,1,False
10021,intimidate,1,False
10022,teravolt,1,False
10023,turboblaze,1,False
10024,justified,1,False
10025,keen-eye,1,False
10025,infiltrator,2,False
10025,competitive,3,True
10026,stance-change,1,False
10027,pickup,1,False
10027,frisk,2,False
10027,insomnia,3,True
10028,pickup,1,False
10028,frisk,2,False
10028,insomnia,3,True
10029,pickup,1,False
10029,frisk,2,False
10029,insomnia,3,True
10030,pickup,1,False
10030,frisk,2,False
10030,insomnia,3,True
10031,pickup,1,False
10031,frisk,2,False
10031,insomnia,3,True
10032,pickup,1,False
10032,frisk,2,False
10032,insomnia,3,True
10033,thick-fat,1,False
10034,tough-claws,1,False
10035,drought,1,False
10036,mega-launcher,1,False
10037,trace,1,False
10038,shadow-tag,1,False
10039,parental-bond,1,False
10040,aerilate,1,False
10041,mold-breaker,1,False
10042,tough-claws,1,False
10043,steadfast,1,False
10044,insomnia,1,False
10045,mold-breaker,1,False
10046,technician,1,False
10047,skill-link,1,False
10048,solar-power,1,False
10049,sand-stream,1,False
10050,speed-boost,1,False
10051,pixilate,1,False
10052,huge-power,1,False
10053,filter,1,False
10054,pure-power,1,False
10055,intimidate,1,False
10056,prankster,1,False
10057,magic-bounce,1,False
10058,sand-force,1,False
10059,adaptability,1,False
10060,snow-warning,1,False
10061,flower-veil,1,False
10061,symbiosis,3,True
10062,levitate,1,False
10063,levitate,1,False
10064,swift-swim,1,False
10065,lightning-rod,1,False
10066,magic-bounce,1,False
10067,pixilate,1,False
10068,inner-focus,1,False
10069,healer,1,False
10070,strong-jaw,1,False
10071,shell-armor,1,False
10072,sand-force,1,False
10073,no-guard,1,False
10074,refrigerate,1,False
10075,magic-bounce,1,False
10076,tough-claws,1,False
10077,primordial-sea,1,False
10078,desolate-land,1,False
10079,delta-stream,1,False
10080,static,1,False
10080,lightning-rod,3,True
10081,static,1,False
10081,lightning-rod,3,True
10082,static,1,False
10082,lightning-rod,3,True
10083,static,1,False
10083,lightning-rod,3,True
10084,static,1,False
10084,lightning-rod,3,True
10085,static,1,False
10085,lightning-rod,3,True
10086,magician,1,False
10087,sheer-force,1,False
10088,scrappy,1,False
10089,aerilate,1,False
10090,adaptability,1,False
10091,gluttony,1,False
10091,hustle,2,False
10091,thick-fat,3,True
10092,gluttony,1,False
10092,hustle,2,False
10092,thick-fat,3,True
10093,gluttony,1,False
10093,hustle,2,False
10093,thick-fat,3,True
10094,static,1,False
10094,lightning-rod,3,True
10095,static,1,False
10095,lightning-rod,3,True
10096,static,1,False
10096,lightning-rod,3,True
10097,static,1,False
10097,lightning-rod,3,True
10098,static,1,False
10098,lightning-rod,3,True
10099,static,1,False
10099,lightning-rod,3,True
10100,surge-surfer,1,False
10101,snow-cloak,1,False
10101,slush-rush,3,True
10102,snow-cloak,1,False
10102,slush-rush,3,True
10103,snow-cloak,1,False
10103,snow-warning,3,True
10104,snow-cloak,1,False
10104,snow-warning,3,True
10105,sand-veil,1,False
10105,tangling-hair,2,False
10105,sand-force,3,True
10106,sand-veil,1,False
10106,tangling-hair,2,False
10106,sand-force,3,True
10107,pickup,1,False
10107,technician,2,False
10107,rattled,3,True
10108,fur-coat,1,False
10108,technician,2,False
10108,rattled,3,True
10109,magnet-pull,1,False
10109,sturdy,2,False
10109,galvanize,3,True
10110,magnet-pull,1,False
10110,sturdy,2,False
10110,galvanize,3,True
10111,magnet-pull,1,False
10111,sturdy,2,False
10111,galvanize,3,True
10112,poison-touch,1,False
10112,gluttony,2,False
10112,power-of-alchemy,3,True
10113,poison-touch,1,False
10113,gluttony,2,False
10113,power-of-alchemy,3,True
10114,frisk,1,False
10114,harvest,3,True
10115,cursed-body,1,False
10115,lightning-rod,2,False
10115,rock-head,3,True
10116,battle-bond,1,False
10117,battle-bond,1,False
10118,power-construct,1,False
10119,power-construct,1,False
10120,power-construct,1,False
10121,stakeout,1,False
10121,strong-jaw,2,False
10121,adaptability,3,True
10122,levitate,1,False
10123,dancer,1,False
10124,dancer,1,False
10125,dancer,1,False
10126,keen-eye,1,False
10126,vital-spirit,2,False
10126,no-guard,3,True
10127,schooling,1,False
10128,leaf-guard,1,False
10128,contrary,3,True
10129,corrosion,1,False
10129,oblivious,3,True
10130,shields-down,1,False
10131,shields-down,1,False
10132,shields-down,1,False
10133,shields-down,1,False
10134,shields-down,1,False
10135,shields-down,1,False
10136,shields-down,1,False
10137,shields-down,1,False
10138,shields-down,1,False
10139,shields-down,1,False
10140,shields-down,1,False
10141,shields-down,1,False
10142,shields-down,1,False
10143,disguise,1,False
10144,disguise,1,False
10145,disguise,1,False
10146,bulletproof,1,False
10146,soundproof,2,False
10146,overcoat,3,True
10147,soul-heart,1,False
10148,static,1,False
10148,lightning-rod,3,True
10149,cursed-body,1,False
10149,lightning-rod,2,False
10149,rock-head,3,True
10150,honey-gather,1,False
10150,shield-dust,2,False
10150,sweet-veil,3,True
10151,own-tempo,1,False
10152,tough-claws,1,False
10153,water-bubble,1,False
10153,water-absorb,3,True
10154,iron-barbs,1,False
10154,lightning-rod,2,False
10154,sturdy,3,True
10155,prism-armor,1,False
10156,prism-armor,1,False
10157,neuroforce,1,False
10158,static,1,False
10158,lightning-rod,3,True
10159,run-away,1,False
10159,adaptability,2,False
10159,anticipation,3,True
10160,static,1,False
10160,lightning-rod,3,True
10161,pickup,1,False
10161,tough-claws,2,False
10161,unnerve,3,True
10162,run-away,1,False
10162,pastel-veil,2,False
10162,anticipation,3,True
10163,run-away,1,False
10163,pastel-veil,2,False
10163,anticipation,3,True
10164,gluttony,1,False
10164,own-tempo,2,False
10164,regenerator,3,True
10165,quick-draw,1,False
10165,own-tempo,2,False
10165,regenerator,3,True
10166,steadfast,1,False
10166,scrappy,3,True
10167,levitate,1,False
10167,neutralizing-gas,2,False
10167,misty-surge,3,True
10168,vital-spirit,1,False
10168,screen-cleaner,2,False
10168,ice-body,3,True
10169,competitive,1,False
10170,defiant,1,False
10171,berserk,1,False
10172,curious-medicine,1,False
10172,own-tempo,2,False
10172,regenerator,3,True
10173,weak-armor,1,False
10173,cursed-body,3,True
10174,pickup,1,False
10174,gluttony,2,False
10174,quick-feet,3,True
10175,pickup,1,False
10175,gluttony,2,False
10175,quick-feet,3,True
10176,hustle,1,False
10176,inner-focus,3,True
10177,gorilla-tactics,1,False
10177,zen-mode,3,True
10178,gorilla-tactics,1,False
10178,zen-mode,3,True
10179,wandering-spirit,1,False
10180,mimicry,1,False
10181,aura-break,1,False
10182,gulp-missile,1,False
10183,gulp-missile,1,False
10184,punk-rock,1,False
10184,minus,2,False
10184,technician,3,True
10185,ice-face,1,False
10186,own-tempo,1,False
10186,synchronize,2,False
10186,psychic-surge,3,True
10187,hunger-switch,1,False
10188,intrepid-sword,1,False
10189,dauntless-shield,1,False
10190,pressure,1,False
10191,unseen-fist,1,False
10192,leaf-guard,1,False
10193,as-one-glastrier,1,False
10194,as-one-spectrier,1,False
10195,overgrow,1,False
10195,chlorophyll,3,True
10196,blaze,1,False
10196,solar-power,3,True
10197,torrent,1,False
10197,rain-dish,3,True
10198,compound-eyes,1,False
10198,tinted-lens,3,True
10199,static,1,False
10199,lightning-rod,3,True
10200,pickup,1,False
10200,technician,2,False
10200,unnerve,3,True
10201,guts,1,False
10201,no-guard,2,False
10201,steadfast,3,True
10202,cursed-body,1,False
10203,hyper-cutter,1,False
10203,shell-armor,2,False
10203,sheer-force,3,True
10204,water-absorb,1,False
10204,shell-armor,2,False
10204,hydration,3,True
10205,run-away,1,False
10205,adaptability,2,False
10205,anticipation,3,True
10206,immunity,1,False
10206,thick-fat,2,False
10206,gluttony,3,True
10207,stench,1,False
10207,weak-armor,2,False
10207,aftermath,3,True
10208,iron-fist,1,False
10209,overgrow,1,False
10209,grassy-surge,3,True
10210,blaze,1,False
10210,libero,3,True
10211,torrent,1,False
10211,sniper,3,True
10212,pressure,1,False
10212,unnerve,2,False
10212,mirror-armor,3,True
10213,swarm,1,False
10213,frisk,2,False
10213,telepathy,3,True
10214,strong-jaw,1,False
10214,shell-armor,2,False
10214,swift-swim,3,True
10215,steam-engine,1,False
10215,flame-body,2,False
10215,flash-fire,3,True
10216,ripen,1,False
10216,gluttony,2,False
10216,hustle,3,True
10217,ripen,1,False
10217,gluttony,2,False
10217,thick-fat,3,True
10218,sand-spit,1,False
10218,shed-skin,2,False
10218,sand-veil,3,True
10219,punk-rock,1,False
10219,plus,2,False
10219,technician,3,True
10220,flash-fire,1,False
10220,white-smoke,2,False
10220,flame-body,3,True
10221,healer,1,False
10221,anticipation,2,False
10221,magic-bounce,3,True
10222,prankster,1,False
10222,frisk,2,False
10222,pickpocket,3,True
10223,sweet-veil,1,False
10223,aroma-veil,3,True
10224,sheer-force,1,False
10224,heavy-metal,3,True
10225,light-metal,1,False
10225,heavy-metal,2,False
10225,stalwart,3,True
10226,unseen-fist,1,False
10227,unseen-fist,1,False
10228,punk-rock,1,False
10228,minus,2,False
10228,technician,3,True
10229,intimidate,1,False
10229,flash-fire,2,False
10229,rock-head,3,True
10230,intimidate,1,False
10230,flash-fire,2,False
10230,rock-head,3,True
10231,soundproof,1,False
10231,static,2,False
10231,aftermath,3,True
10232,soundproof,1,False
10232,static,2,False
10232,aftermath,3,True
10233,blaze,1,False
10233,frisk,3,True
10234,poison-point,1,False
10234,swift-swim,2,False
10234,intimidate,3,True
10235,inner-focus,1,False
10235,keen-eye,2,False
10235,pickpocket,3,True
10236,torrent,1,False
10236,sharpness,3,True
10237,chlorophyll,1,False
10237,hustle,2,False
10237,leaf-guard,3,True
10238,illusion,1,False
10239,illusion,1,False
10240,keen-eye,1,False
10240,sheer-force,2,False
10240,tinted-lens,3,True
10241,sap-sipper,1,False
10241,shell-armor,2,False
10241,gooey,3,True
10242,sap-sipper,1,False
10242,shell-armor,2,False
10242,gooey,3,True
10243,strong-jaw,1,False
10243,ice-body,2,False
10243,sturdy,3,True
10244,overgrow,1,False
10244,scrappy,3,True
10245,pressure,1,False
10245,telepathy,3,True
10246,pressure,1,False
10246,telepathy,3,True
10247,rattled,1,False
10247,adaptability,2,False
10247,mold-breaker,3,True
10248,swift-swim,1,False
10248,adaptability,2,False
10248,mold-breaker,3,True
10249,overcoat,1,False
10250,intimidate,1,False
10250,anger-point,2,False
10250,cud-chew,3,True
10251,intimidate,1,False
10251,anger-point,2,False
10251,cud-chew,3,True
10252,intimidate,1,False
10252,anger-point,2,False
10252,cud-chew,3,True
10253,poison-point,1,False
10253,water-absorb,2,False
10253,unaware,3,True
10254,aroma-veil,1,False
10254,gluttony,2,False
10254,thick-fat,3,True
10255,serene-grace,1,False
10255,run-away,2,False
10255,rattled,3,True
10256,zero-to-hero,1,False
10257,friend-guard,1,False
10257,cheek-pouch,2,False
10257,technician,3,True
10258,commander,1,False
10258,storm-drain,3,True
10259,commander,1,False
10259,storm-drain,3,True
10260,intimidate,1,False
10260,hustle,2,False
10260,guts,3,True
10261,intimidate,1,False
10261,hustle,2,False
10261,sheer-force,3,True
10262,intimidate,1,False
10262,hustle,2,False
10262,sheer-force,3,True
10263,run-away,1,False
10264,orichalcum-pulse,1,False
10265,orichalcum-pulse,1,False
10266,orichalcum-pulse,1,False
10267,orichalcum-pulse,1,False
10268,hadron-engine,1,False
10269,hadron-engine,1,False
10270,hadron-engine,1,False
10271,hadron-engine,1,False
10272,minds-eye,1,False
10273,water-absorb,1,False
10274,mold-breaker,1,False
10275,sturdy,1,False
10276,tera-shell,1,False
10277,teraform-zero,1,False
10278,magic-bounce,1,False
10279,innards-out,1,False
10280,huge-power,1,False
10281,multiscale,1,False
10282,mega-sol,1,False
10283,dragonize,1,False
10284,stalwart,1,False
10285,snow-warning,1,False
10286,mold-breaker,1,False
10287,piercing-drill,1,False
10288,shell-armor,1,False
10289,intimidate,1,False
10290,eelevate,1,False
10291,infiltrator,1,False
10292,bulletproof,1,False
10293,levitate,1,False
10294,protean,1,False
10295,fire-mane,1,False
10296,fairy-aura,1,False
10297,contrary,1,False
10298,tough-claws,1,False
10299,regenerator,1,False
10300,no-guard,1,False
10302,berserk,1,False
10303,defiant,1,False
10304,electric-surge,1,False
10305,no-guard,1,False
10306,levitate,1,False
10307,sharpness,1,False
10308,contrary,1,False
10309,levitate,1,False
10310,aura-guard,1,False
10313,unseen-fist,1,False
10314,trace,1,False
10315,iron-fist,1,False
10316,tough-claws,1,False
10320,spicy-spray,1,False
10321,adaptability,1,False
10325,thermal-exchange,1,False
10326,trace,1,False
